GVKEY,LINKPRIM,LINKTYPE,LPERMNO,LPERMCO,LINKDT,LINKENDDT,conm,tic
001013,P,LU,50906,2902,1979-03-16,2010-12-31,ADC TELECOMMUNICATIONS INC,ADCT.1
001034,P,LC,65832,20007,1984-02-15,2008-12-29,ALPHARMA INC  -CL A,ALO.2
001045,P,LC,21020,20010,2013-12-09,E,AMERICAN AIRLINES GROUP INC,AAL
001045,P,LC,21020,20010,1962-01-31,2012-01-04,AMERICAN AIRLINES GROUP INC,AAL
001045,C,LC,21020,20010,1950-01-01,1962-01-30,AMERICAN AIRLINES GROUP INC,AAL
001056,C,LC,62500,336,1973-07-01,1977-06-29,AEROFLEX INC,ARXX
001056,P,LC,62500,336,1977-06-30,2007-08-15,AEROFLEX INC,ARXX
001072,C,LC,81912,30930,1995-08-15,2020-03-27,AVX CORP,AVX.1
001075,P,LU,27991,21409,1962-01-31,E,PINNACLE WEST CAPITAL CORP,PNW
001076,J,LC,10517,5674,1993-01-01,2010-11-30,PROG HOLDINGS INC,PRG
001076,P,LC,10517,5674,2010-12-01,E,PROG HOLDINGS INC,PRG
001076,N,LC,78049,5674,1992-11-03,1992-12-31,PROG HOLDINGS INC,PRG
001076,J,LC,78049,5674,2010-12-01,2010-12-10,PROG HOLDINGS INC,PRG
001076,P,LC,10517,5674,1982-11-04,1992-12-31,PROG HOLDINGS INC,PRG
001076,P,LC,78049,5674,1993-01-01,2010-11-30,PROG HOLDINGS INC,PRG
001078,P,LC,20482,20017,1962-01-31,E,ABBOTT LABORATORIES,ABT
001078,C,LC,20482,20017,1950-01-01,1962-01-30,ABBOTT LABORATORIES,ABT
001111,C,LC,79678,12499,1993-10-22,2008-07-09,ACTIVISION INC,ATVI.1
001161,P,LU,61241,211,1972-12-14,E,ADVANCED MICRO DEVICES,AMD
001164,P,LC,90284,45424,2004-07-14,2006-01-06,MCI INC,MCIP
001164,P,LC,11042,61,1986-08-22,2002-07-29,MCI INC,MCIP
001164,P,LC,11042,61,1980-11-24,1986-07-28,MCI INC,MCIP
001177,P,LC,88845,41072,2000-12-14,2018-11-30,AETNA INC,AET
001209,P,LC,28222,20030,1962-01-31,E,AIR PRODUCTS & CHEMICALS INC,APD
001213,P,LU,51721,20031,1971-01-05,2003-08-15,AIRBORNE INC,ABF
001230,P,LU,28804,20035,1966-01-31,E,ALASKA AIR GROUP INC,ALK
001239,P,LC,42083,8127,1965-06-11,2011-05-10,ALBERTO-CULVER CO,ACV.1
001240,P,LU,50032,20038,1970-02-10,2006-06-30,ALBERTSON'S INC,ABS.1
001246,P,LU,48514,20040,1969-06-16,2008-10-31,IKON OFFICE SOLUTIONS,IKN
001254,P,LU,11691,157,1972-12-14,E,MATSON INC,MATX
001274,P,LC,71271,20043,1987-01-30,2022-10-31,ALLEGHANY CORP,Y
001279,P,LU,10137,20045,1962-01-31,2011-02-28,ALLEGHENY ENERGY INC,AYE
001279,C,LU,10137,20045,1951-01-01,1962-01-30,ALLEGHENY ENERGY INC,AYE
001300,P,LC,10145,22168,1962-01-31,E,HONEYWELL INTERNATIONAL INC,HON
001300,C,LC,10145,22168,1950-01-01,1962-01-30,HONEYWELL INTERNATIONAL INC,HON
001318,P,LU,41443,20057,1965-01-18,2007-11-30,ALLTEL CORP,AT.2
001327,P,LU,45911,20058,1968-03-13,E,SKYWORKS SOLUTIONS INC,SWKS
001356,P,LC,24643,20060,1962-01-31,2016-10-31,ALCOA INC,AA.3
001356,C,LC,24643,20060,1951-06-11,1962-01-30,ALCOA INC,AA.3
001359,P,LU,64856,20061,1983-06-08,2001-06-29,ALZA CORP,AZA.1
001380,J,LX,28484,20064,2016-12-01,2025-07-31,HESS CORP,HES
001380,P,LC,28484,20064,1964-03-31,2025-07-31,HESS CORP,HES
001380,N,LX,28484,20064,1998-05-29,2016-11-30,HESS CORP,HES
001382,P,LC,90893,47434,2005-09-27,2013-12-31,US AIRWAYS GROUP INC,LCC
001393,J,LC,23505,30020,2022-11-10,E,U-HAUL HOLDING CO,UHAL
001393,P,LU,81073,30020,1994-11-03,E,U-HAUL HOLDING CO,UHAL
001408,P,LC,10225,20067,1962-01-31,2014-04-30,BEAM INC,BEAM.2
001408,C,LC,10225,20067,1950-01-01,1962-01-30,BEAM INC,BEAM.2
001410,P,LU,47730,20068,1969-02-13,E,ABM INDUSTRIES INC,ABM
001414,P,LC,93330,53383,2010-04-01,E,PRIMERICA INC,PRI
001440,P,LC,24109,20077,1962-01-31,E,AMERICAN ELECTRIC POWER CO,AEP
001440,C,LC,24109,20077,1951-01-01,1962-01-30,AMERICAN ELECTRIC POWER CO,AEP
001447,C,LU,59176,90,1972-12-14,E,AMERICAN EXPRESS CO,AXP
001449,P,LU,57904,92,1973-08-23,E,AFLAC INC,AFL
001465,P,LU,48397,20082,1971-01-29,2001-09-28,AMERICAN GENERAL CORP,AGC.1
001465,C,LC,48397,20082,1971-01-01,1971-01-28,AMERICAN GENERAL CORP,AGC.1
001468,P,LU,13056,121,1972-12-14,2013-08-30,AMERICAN GREETINGS  -CL A,AM.1
001478,C,LC,15667,20086,1950-01-01,1962-01-30,WYETH,WYE
001478,P,LC,15667,20086,1962-01-31,2009-10-15,WYETH,WYE
001487,P,LC,66800,137,1972-12-14,E,AMERICAN INTERNATIONAL GROUP,AIG
001526,P,LC,13507,261,1972-12-14,2022-05-31,AMERICAN NATIONAL GROUP-OLD,ANAT
001567,C,LC,81285,30847,1995-02-03,2008-06-05,TRANE INC,TT.2
001581,C,LC,10401,20103,1950-01-01,1962-01-30,AT&T CORP,T.2
001581,P,LC,10401,20103,1962-01-31,2005-11-18,AT&T CORP,T.2
001587,C,LC,23544,20104,1968-01-01,1968-01-30,AMERICAN WATER WORKS INC,AWK.1
001587,P,LU,23544,20104,1968-01-31,2003-01-31,AMERICAN WATER WORKS INC,AWK.1
001598,P,LC,85257,32054,1997-08-08,E,AMETEK INC,AME
001602,P,LU,14008,216,1983-06-17,E,AMGEN INC,AMGN
001619,C,LU,62770,25,1972-12-14,2006-11-30,AMSOUTH BANCORPORATION,ASO.1
001632,P,LC,60871,282,1972-12-14,E,ANALOG DEVICES INC,ADI
001651,P,LU,14323,272,1980-06-19,2007-12-31,ANDREW CORP,ANDW
001661,P,LC,29102,20201,1968-01-31,E,NABORS INDUSTRIES LTD,NBR
001663,P,LC,59184,29,1972-12-14,2008-11-17,ANHEUSER-BUSCH COS INC,BUD.2
001678,P,LC,39490,20204,1964-01-31,E,APA CORP,APA
001690,P,LU,14593,7,1980-12-12,E,APPLE INC,AAPL
001704,P,LU,14702,194,1972-12-14,E,APPLIED MATERIALS INC,AMAT
001706,P,LC,11581,323,1987-08-05,E,ENERPAC TOOL GROUP CORP,EPAC
001722,P,LC,10516,20207,1962-01-31,E,ARCHER-DANIELS-MIDLAND CO,ADM
001722,C,LC,10516,20207,1949-07-01,1962-01-30,ARCHER-DANIELS-MIDLAND CO,ADM
001773,P,LU,29209,20217,1966-04-29,E,ARROW ELECTRONICS INC,ARW
001794,P,LC,24272,20222,1962-01-31,E,ASHLAND INC,ASH
001837,P,LC,15553,116,1972-12-14,2016-06-30,SOUTHERN CO GAS,SO7
001860,P,LC,15721,403,1972-12-14,2017-10-05,ATWOOD OCEANICS,ATW
001878,P,LU,85631,7623,1985-07-31,E,AUTODESK INC,ADSK
001891,P,LC,44644,20235,1967-06-26,E,AUTOMATIC DATA PROCESSING,ADP
001913,P,LU,44601,20238,1967-06-20,E,AVERY DENNISON CORP,AVY
001919,P,LU,27684,20239,1962-01-31,E,AVNET INC,AVT
001920,P,LU,40416,20240,1964-04-20,2020-01-31,AVON PRODUCTS,AVP
001968,C,LU,53110,20250,1971-08-31,E,BADGER METER INC,BMI
001976,P,LC,75034,20253,1987-04-24,2017-07-04,BAKER HUGHES INC,BHI
001979,C,LU,10318,8237,1986-06-03,E,BALCHEM CORP  -CL B,BCPC
001981,P,LC,58755,481,1976-01-15,2011-01-27,BALDOR ELECTRIC CO,BEZ.1
001988,P,LU,57568,20257,1972-12-14,E,BALL CORP,BALL
001995,C,LC,24221,20258,1951-01-01,1962-01-30,CONSTELLATION ENERGY GRP INC,CEG.1
001995,P,LC,24221,20258,1962-01-31,2012-03-12,CONSTELLATION ENERGY GRP INC,CEG.1
001998,P,LU,65138,606,1972-12-14,2004-06-30,BANK ONE CORP,ONE.1
002001,P,LU,16505,475,1973-01-31,1990-12-31,BANPONCE CORP-OLD,BPOP.
002002,P,LC,16505,475,1991-01-02,E,POPULAR INC,BPOP
002005,C,LU,16548,589,1972-12-14,E,BANK OF HAWAII CORP,BOH
002019,P,LC,49656,20265,1969-12-04,E,BANK OF NEW YORK MELLON CORP,BNY
002044,P,LC,46877,20268,1968-09-30,2017-12-28,BARD (C.R.) INC,BCR
002049,P,LU,39693,20270,1963-10-14,2025-01-31,BARNES GROUP INC,B.2
002054,P,LU,16978,139,1981-05-14,2001-08-31,BARRETT RESOURCES CORP,BRR.2
002085,P,LU,26518,20276,1962-01-31,2007-10-26,BAUSCH & LOMB HLDGS  -REDH,6583B
002086,P,LC,27887,20277,1962-01-31,E,BAXTER INTERNATIONAL INC,BAX
002101,P,LU,29612,20283,1962-07-02,E,APPLIED INDUSTRIAL TECH INC,AIT
002111,P,LU,39642,20284,1963-09-25,E,BECTON DICKINSON & CO,BDX
002136,P,LC,65875,20288,1983-11-30,E,VERIZON COMMUNICATIONS INC,VZ
002146,P,LC,65883,20290,1984-02-16,2006-12-29,BELLSOUTH CORP,BLS
002150,P,LU,65509,5223,1981-12-09,2013-12-31,BELO CORP  -SER A COM,BLC
002154,P,LU,43772,20292,1966-09-13,2019-06-28,BEMIS CO INC,BMS
002169,P,LU,42438,20295,1965-09-08,2001-09-28,BERGEN BRUNSWIG CORP  -CL A,BBC.1
002176,P,LC,17778,540,1976-10-14,2010-01-31,BERKSHIRE HATHAWAY,BRK.B
002176,J,LC,17778,540,2010-02-01,E,BERKSHIRE HATHAWAY,BRK.B
002176,J,LC,83443,540,1996-05-09,2010-01-31,BERKSHIRE HATHAWAY,BRK.B
002176,P,LC,83443,540,2010-02-01,E,BERKSHIRE HATHAWAY,BRK.B
002184,P,LU,85914,7506,1985-05-31,E,BEST BUY CO INC,BBY
002193,P,LC,85640,20300,1997-12-16,2006-03-14,BEVERLY ENTERPRISES INC,BEV.1
002213,P,LU,17962,6314,1983-08-24,2001-02-28,BINDLEY WESTERN INDS,BDY.1
002220,P,LC,61516,655,1982-01-29,E,BIO-RAD LABORATORIES INC,BIO
002222,C,LU,18033,6438,1983-09-29,2014-05-31,SAVIENT PHARMACEUTICALS INC,SVNTQ
002226,P,LU,11983,5872,1983-03-22,2003-11-28,BIOGEN INC-OLD,BGEN
002230,P,LU,18092,5737,1982-12-17,2007-09-28,BIOMET INC,5938B
002255,P,LC,20220,20306,1962-01-31,2010-03-12,BLACK & DECKER CORP,BDK
002255,C,LC,20220,20306,1949-10-01,1962-01-30,BLACK & DECKER CORP,BDK
002259,P,LC,61946,511,1972-12-14,E,BLACK HILLS CORP,BKH
002269,P,LU,49373,20309,1969-10-13,E,BLOCK H & R INC,HRB
002270,P,LC,62519,559,1980-02-28,2009-12-22,VALARIS LIMITED,VAL
002282,P,LC,18570,595,1972-12-14,2018-01-11,BOB EVANS FARMS,BOBE
002285,C,LU,19561,20315,1950-01-01,1962-01-30,BOEING CO,BA
002285,P,LU,19561,20315,1962-01-31,E,BOEING CO,BA
002290,P,LC,42024,20316,1965-06-02,2013-11-05,OFFICEMAX INC,OMX
002312,C,LU,52230,469,1971-04-15,E,ROBERT HALF INC,RHI
002328,P,LC,87146,35233,1999-09-27,2012-04-09,NSTAR,NST
002337,P,LC,66130,20325,1984-05-18,2009-04-15,RESOLUTE FOREST PRODUCTS INC,RFP
002337,P,LC,12437,20325,2010-12-20,2023-03-31,RESOLUTE FOREST PRODUCTS INC,RFP
002337,N,LX,66130,20325,2007-10-31,2009-04-15,RESOLUTE FOREST PRODUCTS INC,RFP
002337,N,LX,12437,20325,2010-12-20,2023-03-31,RESOLUTE FOREST PRODUCTS INC,RFP
002352,P,LU,18973,7113,1984-06-28,E,BRADY CORP,BRC
002393,P,LU,17961,20330,1962-01-31,2021-01-07,BRIGGS & STRATTON,BGGSQ
002393,C,LU,17961,20330,1950-01-01,1962-01-30,BRIGGS & STRATTON,BGGSQ
002403,P,LU,19393,20331,1962-01-31,E,BRISTOL-MYERS SQUIBB CO,BMY
002403,C,LU,19393,20331,1950-01-01,1962-01-30,BRISTOL-MYERS SQUIBB CO,BMY
002435,P,LU,29946,20340,1962-07-02,E,BROWN FORMAN CORP,BF.B
002437,P,LU,19546,4478,1972-12-14,2004-05-28,BROWN (TOM) INC,TBI.
002444,P,LU,10874,20344,1962-01-31,E,BRUNSWICK CORP,BC
002444,C,LU,10874,20344,1950-01-01,1962-01-30,BRUNSWICK CORP,BC
002484,P,LU,67176,6058,1983-06-09,2006-04-28,BURLINGTON COAT FACTORY INVS,0015B
002490,P,LU,50227,20350,1970-03-03,2010-02-26,BURLINGTON NORTHERN SANTA FE,BRK3
002497,P,LU,19880,678,1972-12-14,E,MASTEC INC,MTZ
002504,P,LU,10890,21814,1962-01-31,E,UNISYS CORP,UIS
002504,C,LU,10890,21814,1950-01-01,1962-01-30,UNISYS CORP,UIS
002536,P,LC,20117,6702,1984-01-31,E,LIVERAMP HOLDINGS INC,RAMP
002547,P,LC,64186,20357,1982-04-20,E,CIGNA GROUP (THE),CI
002549,C,LC,85599,32141,1997-11-13,2001-06-01,CIT GROUP INC-OLD,CIT.1
002558,P,LC,47626,20363,1972-01-31,E,CNA FINANCIAL CORP,CNA
002558,C,LC,47626,20363,1972-01-01,1972-01-30,CNA FINANCIAL CORP,CNA
002574,P,LC,62148,20370,1980-11-13,E,CSX CORP,CSX
002593,P,LU,46690,20374,1968-08-23,E,CABOT CORP,CBT
002596,P,LU,20512,727,1979-03-30,E,CACI INTL INC  -CL A,CACI
002616,P,LU,20678,6527,1983-10-26,2003-04-30,SCIOS INC,SCIO.
002620,P,LC,20694,841,1983-12-30,2008-11-03,MUFG AMERICAS HOLDINGS CORP,0176A
002628,C,LU,20750,1222,1974-01-01,1974-01-30,CALIFORNIA WATER SERVICE GP,CWT
002628,P,LU,20750,1222,1974-01-31,E,CALIFORNIA WATER SERVICE GP,CWT
002663,P,LU,25320,20384,1962-01-31,E,CAMPBELL'S CO (THE),CPB
002710,P,LC,69796,1015,1993-09-01,E,CONSTELLATION BRANDS,STZ
002710,J,LC,69796,1015,1986-07-14,1993-08-31,CONSTELLATION BRANDS,STZ
002731,P,LC,85073,32010,1997-06-13,2005-09-30,PROVIDIAN FINANCIAL CORP,PVN
002751,P,LC,21371,6262,1983-08-04,E,CARDINAL HEALTH INC,CAH
002771,P,LU,27334,20392,1962-01-31,E,CARLISLE COS INC,CSL
002783,C,LU,23114,20397,2012-07-01,E,PROGRESS ENERGY INC,DUK8
002783,P,LU,23114,20397,1962-01-31,2012-06-30,PROGRESS ENERGY INC,DUK8
002783,C,LU,23114,20397,1951-01-01,1962-01-30,PROGRESS ENERGY INC,DUK8
002787,P,LU,20618,20398,1962-01-31,E,CARPENTER TECHNOLOGY CORP,CRS
002787,C,LU,20618,20398,1949-07-01,1962-01-30,CARPENTER TECHNOLOGY CORP,CRS
002807,P,LU,21742,6515,1983-10-20,E,CASEYS GENERAL STORES INC,CASY
002812,P,LC,40707,20405,1964-06-05,2003-03-28,DOLE FOOD CO INC,DOLE.1
002817,P,LC,18542,20408,1962-01-31,E,CATERPILLAR INC,CAT
002817,C,LC,18542,20408,1950-01-01,1962-01-30,CATERPILLAR INC,CAT
002820,P,LC,89792,44168,2003-07-01,E,CAVCO INDUSTRIES INC,CVCO
002845,P,LU,53831,20413,1971-12-28,2009-08-31,CENTEX CORP,CTX.2
002849,P,LU,22032,780,1978-01-31,2007-09-28,BBVA COMPASS BANCSHARES INC,BBVA1
002849,C,LC,22032,780,1978-01-01,1978-01-30,BBVA COMPASS BANCSHARES INC,BBVA1
002859,C,LC,64557,5140,1981-11-02,2016-04-13,CLECO CORP,CNL.1
002884,P,LC,60599,20421,1972-12-14,E,LUMEN TECHNOLOGIES INC,LUMN
002888,P,LC,22374,7137,1984-07-18,2012-11-28,CERADYNE INC,CRDN
002938,P,LU,22753,894,1972-12-14,2012-06-29,CHARMING SHOPPES INC,CHRS.1
002940,P,LC,90011,25268,2004-01-06,2022-01-31,MAGELLAN HEALTH INC,MGLN
002942,C,LC,22825,904,1989-04-18,2021-06-30,CANTEL MEDICAL CORP,CMD
002950,P,LC,22905,899,1972-12-14,2010-03-10,CHATTEM INC,CHTT
002960,P,LU,64194,20435,1972-12-14,E,CHEMED CORP,CHE
002968,P,LC,47896,20436,1969-03-05,E,JPMORGAN CHASE & CO,JPM
002991,P,LU,14541,20440,1962-01-31,E,CHEVRON CORP,CVX
002991,C,LU,14541,20440,1950-01-01,1962-01-30,CHEVRON CORP,CVX
003007,P,LU,23297,6760,1984-01-06,E,BRINKER INTL INC,EAT
003011,P,LU,23318,6249,1983-08-02,2006-04-28,CHIRON CORP,CHIR.1
003015,P,LU,21282,20444,1962-01-31,2001-07-31,CHRIS-CRAFT INDS,CCN.2
003015,C,LU,21282,20444,1950-01-01,1962-01-30,CHRIS-CRAFT INDS,CCN.2
003024,P,LC,59192,900,1974-01-31,2016-01-14,CHUBB CORP,CB.1
003024,C,LC,59192,900,1974-01-01,1974-01-30,CHUBB CORP,CB.1
003026,P,LU,23393,1103,1976-12-30,E,CHURCH & DWIGHT INC,CHD
003028,P,LC,79026,27849,1993-03-29,E,CHURCHILL DOWNS INC,CHDN
003036,P,LC,47677,20448,1969-02-06,2021-09-30,CINCINNATI BELL INC,CBB
003039,P,LC,22947,20449,1981-01-01,1994-10-24,DUKE ENERGY OHIO INC,CIN1
003039,C,LD,22947,20449,1951-01-01,1962-01-30,DUKE ENERGY OHIO INC,CIN1
003039,P,LD,22947,20449,1962-01-31,1980-12-31,DUKE ENERGY OHIO INC,CIN1
003054,P,LC,47175,20453,1968-11-18,2008-11-07,CIRCUIT CITY STORES INC,CCTYQ
003062,P,LC,23660,6304,1983-08-19,E,CINTAS CORP,CTAS
003063,P,LU,65533,20455,1983-10-25,2005-04-29,MANDALAY RESORT GROUP,MBG.2
003071,P,LC,86685,7569,1985-05-31,2013-04-30,CITIZENS REPUBLIC BANCORP,CRBC
003078,P,LC,23887,925,1997-08-01,2000-08-30,CITIZENS COMMUN  -SER B OLD,CZN.1
003078,N,LC,23887,925,1982-01-29,1997-07-31,CITIZENS COMMUN  -SER B OLD,CZN.1
003082,P,LC,23916,1194,1981-01-01,2015-10-30,CITY NATIONAL CORP,CYN.1
003087,P,LU,67459,6295,1981-01-30,2007-06-29,CLAIRES STORES INC,CLE
003093,P,LU,23975,952,1972-12-14,2017-02-28,CLARCOR INC,CLC
003103,P,LU,66878,6096,1983-06-22,2003-08-29,CLAYTON HOMES INC,CMH
003105,P,LC,24046,6996,1984-04-19,2008-07-30,IHEARTMEDIA INC,IHRT
003107,P,LC,27422,20462,1962-01-31,E,CLEVELAND-CLIFFS INC,CLF
003121,P,LU,46578,20463,1968-08-01,E,CLOROX CO/DE,CLX
003138,P,LU,11995,1035,1982-11-01,E,COCA COLA CONSOLIDATED INC,COKE
003144,C,LC,11308,20468,1950-01-01,1962-01-30,COCA-COLA CO,KO
003144,P,LC,11308,20468,1962-01-31,E,COCA-COLA CO,KO
003153,N,LX,24441,1071,2005-01-31,E,COEUR MINING INC,CDE
003153,P,LC,24441,1071,1979-07-25,E,COEUR MINING INC,CDE
003157,P,LU,24476,1033,1972-12-14,2022-07-29,COHERENT INC,COHR.1
003170,P,LU,18729,20473,1962-01-31,E,COLGATE-PALMOLIVE CO,CL
003170,C,LU,18729,20473,1950-01-01,1962-01-30,COLGATE-PALMOLIVE CO,CL
003221,P,LC,61735,20203,1980-06-02,E,AON PLC,AON
003226,P,LC,89525,43613,2002-11-19,E,COMCAST CORP,CMCSA
003226,J,LC,11997,962,2002-11-01,2002-11-18,COMCAST CORP,CMCSA
003226,N,LC,11997,962,1986-12-24,1993-11-30,COMCAST CORP,CMCSA
003226,P,LC,11997,962,1993-12-01,2002-10-31,COMCAST CORP,CMCSA
003230,P,LC,61524,20481,1972-12-14,2002-04-12,COMDISCO HOLDING CO INC,CDCO
003231,P,LC,25081,1261,1972-12-14,E,COMERICA INC,CMA
003238,C,LU,25129,779,1972-12-14,E,COMMERCE BANCSHARES INC,CBSH
003243,P,LC,70519,20483,1986-10-29,E,CITIGROUP INC,C
003246,C,LU,30680,20484,1962-07-02,E,COMMERCIAL METALS,CMC
003278,P,LC,25487,6391,1983-09-14,E,AVIS BUDGET GROUP INC,CAR
003282,P,LU,68347,6680,1983-12-09,2002-05-31,COMPAQ COMPUTER CORP,CPQ.2
003310,P,LC,25778,5220,1981-12-15,2018-11-30,CA INC,CA.1
003336,P,LC,40125,20493,1964-04-30,E,DXC TECHNOLOGY CO,DXC
003358,C,LU,26201,9654,1972-12-14,E,COMTECH TELECOMMUN,CMTL
003362,C,LC,56274,20495,1972-12-14,E,CONAGRA BRANDS INC,CAG
003373,P,LU,26332,7099,1984-06-21,2004-02-27,CONCORD EFS INC,CE.2
003382,P,LC,13625,54209,2012-10-11,E,SHUTTERSTOCK INC,SSTK
003413,P,LU,11404,20499,1962-01-31,E,CONSOLIDATED EDISON INC,ED
003413,C,LU,11404,20499,1951-01-01,1962-01-30,CONSOLIDATED EDISON INC,ED
003416,P,LU,41929,20501,1965-05-05,2015-10-30,CON-WAY INC,CNW
003439,P,LD,23229,20361,1962-01-31,1987-05-26,CMS ENERGY CORP,CMS
003439,P,LC,23229,20361,1987-05-27,E,CMS ENERGY CORP,CMS
003469,P,LC,91983,52253,2007-05-15,2022-11-30,CONTINENTAL RESOURCES INC,CLR
003480,P,LC,38914,20514,1963-03-06,2007-11-08,CERIDIAN CORP,4622B
003497,C,LN,21979,20517,1950-01-01,1962-01-30,COOPER INDUSTRIES PLC,CBE
003497,P,LC,21979,20517,1962-01-31,E,COOPER INDUSTRIES PLC,CBE
003502,P,LU,27430,20518,1962-01-31,2021-06-30,COOPER TIRE & RUBBER CO,CTB
003504,P,LC,65541,5780,1983-01-21,E,COOPER COS INC (THE),COO
003505,P,LC,59248,33,1975-06-12,E,MOLSON COORS BEVERAGE CO,TAP
003505,N,LX,59248,33,2005-02-28,E,MOLSON COORS BEVERAGE CO,TAP
003532,P,LU,22293,20523,1962-01-31,E,CORNING INC,GLW
003532,C,LU,22293,20523,1950-01-01,1962-01-30,CORNING INC,GLW
003555,P,LC,64565,796,1979-03-12,2008-06-30,COUNTRYWIDE FINANCIAL CORP,CFC.3
003561,C,LU,51692,21405,1970-12-14,1979-03-30,COUSINS MORTGAGE & EQUITY,CUZ.1
003570,P,LC,27562,5169,1981-11-05,E,CRACKER BARREL OLD CTRY STOR,CBRL
003580,C,LC,20204,20531,1950-01-01,1962-01-30,CRANE CO,CR
003580,P,LC,23744,59505,2023-04-04,E,CRANE CO,CR
003580,P,LC,20204,20531,1962-01-31,2023-04-03,CRANE CO,CR
003592,P,LC,14229,54593,2013-10-16,E,ONEMAIN HOLDINGS INC,OMF
003607,P,LC,38420,20532,2010-11-11,2017-04-28,CHEMTURA CORP,CHMT.1
003607,P,LC,38420,20532,1962-08-13,2009-03-18,CHEMTURA CORP,CHMT.1
003619,C,LU,17726,20537,1950-01-01,1962-01-30,CROWN HOLDINGS INC,CCK
003619,P,LU,17726,20537,1962-01-31,E,CROWN HOLDINGS INC,CCK
003639,P,LU,31077,20541,1966-04-29,2021-05-28,CUBIC CORP,CUB.1
003643,P,LU,27888,840,1977-07-08,E,CULLEN/FROST BANKERS INC,CFR
003650,P,LU,41080,20543,1964-09-10,E,CUMMINS INC,CMI
003662,P,LC,18091,20546,1962-01-31,E,CURTISS-WRIGHT CORP,CW
003662,C,LC,18091,20546,1950-01-01,1962-01-30,CURTISS-WRIGHT CORP,CW
003707,C,LC,83186,31782,1995-11-01,2018-04-30,DST SYSTEMS INC,DST
003708,P,LC,19828,20550,2008-09-30,E,WENDY'S CO,WEN
003708,P,LC,19828,20550,1976-06-17,2003-08-31,WENDY'S CO,WEN
003708,J,LC,19828,20550,2003-09-01,2008-09-29,WENDY'S CO,WEN
003708,C,LC,19828,20550,1950-01-01,1962-01-30,WENDY'S CO,WEN
003708,P,LC,19828,20550,1962-01-31,1967-11-05,WENDY'S CO,WEN
003734,P,LC,92570,52956,2008-02-01,E,DANA INC,DAN
003734,P,LC,11607,20556,1962-01-31,2006-03-03,DANA INC,DAN
003734,C,LC,11607,20556,1949-09-01,1962-01-30,DANA INC,DAN
003735,C,LC,49680,20557,1970-01-01,1970-01-29,DANAHER CORP,DHR
003735,P,LC,49680,20557,1970-01-30,E,DANAHER CORP,DHR
003813,P,LU,49154,20561,1969-09-08,E,TARGET CORP,TGT
003814,P,LC,22859,20549,1962-01-31,2011-11-25,DPL INC,AES5
003814,C,LC,22859,20549,1951-01-01,1962-01-30,DPL INC,AES5
003821,P,LU,63554,1280,1972-12-14,2001-12-31,DEAN FOODS CO  -OLD,DF.1
003835,P,LC,19350,20566,1962-01-31,E,DEERE & CO,DE
003835,C,LC,19350,20566,1949-11-01,1962-01-30,DEERE & CO,DE
003848,P,LU,24002,20568,1962-01-31,2002-08-01,CONECTIV INC,POM2
003848,C,LU,24002,20568,1951-01-01,1962-01-30,CONECTIV INC,POM2
003851,P,LC,91926,20569,2007-05-03,E,DELTA AIR LINES INC,DAL
003851,P,LC,26112,20569,1962-01-31,2005-10-12,DELTA AIR LINES INC,DAL
003863,P,LU,61743,1285,1972-12-14,E,DELUXE CORP,DLX
003897,P,LC,11674,20574,1962-01-31,E,DTE ENERGY CO,DTE
003905,C,LU,76708,10992,1991-06-21,E,COVISTA INC,CVSA
003917,P,LU,29752,5541,1982-06-08,2006-07-31,DIAGNOSTIC PRODUCTS CORP,DP
003918,J,LC,65226,1387,1996-04-01,1996-04-01,DRS TECHNOLOGIES INC,DRS.1
003918,P,LC,65226,1387,1996-04-02,2008-10-21,DRS TECHNOLOGIES INC,DRS.1
003918,P,LC,65226,1387,1982-01-29,1996-03-31,DRS TECHNOLOGIES INC,DRS.1
003918,N,LD,65226,1387,1982-01-29,1982-12-31,DRS TECHNOLOGIES INC,DRS.1
003918,C,LC,65226,1387,1981-01-23,1982-01-28,DRS TECHNOLOGIES INC,DRS.1
003946,P,LC,40440,20582,1964-04-27,2023-05-26,DIEBOLD NIXDORF INC,DBD
003949,N,LX,76769,25593,1998-04-30,2006-05-31,VERITAS DGC INC,VTS.
003949,C,LC,76769,25593,1991-07-26,2007-01-11,VERITAS DGC INC,VTS.
003964,P,LU,49429,20584,1969-10-27,E,DILLARDS INC  -CL A,DDS
003969,P,LC,44943,20585,1968-01-31,E,DIODES INC,DIOD
003971,P,LC,30147,5713,1982-12-07,2011-05-17,DIONEX CORP,DNEX
003980,P,LC,26403,20587,1962-01-31,E,DISNEY (WALT) CO,DIS
004016,P,LC,93096,53264,2009-11-13,E,DOLLAR GENERAL CORP,DG
004016,P,LC,30382,1354,1972-12-14,2007-07-06,DOLLAR GENERAL CORP,DG
004029,P,LC,64936,20592,1983-06-02,E,DOMINION ENERGY INC,D
004036,P,LU,61313,1344,1972-12-14,E,DONALDSON CO INC,DCI
004040,N,LX,38682,20594,2004-02-27,2022-02-28,DONNELLEY (R R) & SONS CO,RRD
004040,P,LC,38682,20594,1962-12-07,2022-02-28,DONNELLEY (R R) & SONS CO,RRD
004058,P,LC,25953,20596,1962-01-31,E,DOVER CORP,DOV
004058,C,LC,25953,20596,1960-01-01,1962-01-30,DOVER CORP,DOV
004060,P,LC,20626,20597,1962-01-31,2017-08-31,DUPONT DE NEMOURS INC,DD
004060,C,LC,20626,20597,1950-06-01,1962-01-30,DUPONT DE NEMOURS INC,DD
004060,P,LC,16851,56027,2017-09-01,E,DUPONT DE NEMOURS INC,DD
004062,P,LU,58990,1366,1972-12-14,2007-12-31,DOW JONES & CO INC,DJ
004065,P,LC,54279,20598,1979-01-31,2008-11-24,DOWNEY FINANCIAL CORP,DWNFQ
004065,C,LC,54279,20598,1979-01-01,1979-01-30,DOWNEY FINANCIAL CORP,DWNFQ
004066,P,LU,30681,1367,1972-12-14,E,OMNICOM GROUP INC,OMC
004072,P,LC,30737,5957,1983-05-04,2021-03-08,ASCENA RETAIL GROUP INC,ASNAQ
004078,P,LU,30780,1392,1981-06-30,2003-06-26,DREYER'S GRAND ICE CRM HLDGS,DRYR
004078,C,LU,30780,1392,1981-06-11,1981-06-29,DREYER'S GRAND ICE CRM HLDGS,DRYR
004082,P,LC,63562,1383,1980-12-17,1990-01-30,DI INDUSTRIES INC-OLD,DRL.2
004087,C,LC,11703,20606,1950-01-01,1962-01-30,DU PONT (E I) DE NEMOURS,DD.2
004087,P,LC,11703,20606,1962-01-31,2017-08-31,DU PONT (E I) DE NEMOURS,DD.2
004093,P,LC,27959,20608,1962-01-31,E,DUKE ENERGY CORP,DUK
004094,P,LC,48506,20610,1969-06-12,2000-10-02,DUN & BRADSTREET HOLDNGS INC,DNB
004094,P,LC,19495,57135,2020-07-01,2025-08-29,DUN & BRADSTREET HOLDNGS INC,DNB
004094,P,LC,88590,39133,2000-10-03,2019-02-28,DUN & BRADSTREET HOLDNGS INC,DNB
004103,C,LC,25072,20612,1953-05-18,1962-01-30,DUQUESNE LIGHT HOLDINGS INC,DQE
004103,P,LC,25072,20612,1962-01-31,2007-05-31,DUQUESNE LIGHT HOLDINGS INC,DQE
004108,P,LU,30940,1425,1972-12-14,E,FLOWSERVE CORP,FLS
004115,P,LU,12008,7062,1984-05-31,E,DYCOM INDUSTRIES INC,DY
004132,P,LC,88783,40975,2000-11-09,2003-01-31,ACTERNA CORP,3ACTRQ
004145,P,LU,42200,20616,1965-07-06,E,REVVITY INC,RVTY
004194,P,LC,11754,20626,1962-01-31,2012-01-18,EASTMAN KODAK CO,KODK
004194,C,LC,11754,20626,1950-01-01,1962-01-30,EASTMAN KODAK CO,KODK
004199,P,LS,11762,20627,1962-01-31,E,EATON CORP PLC,ETN
004199,C,LS,11762,20627,1950-01-01,1962-01-30,EATON CORP PLC,ETN
004201,C,LU,31500,1451,1973-01-31,2021-02-28,EATON VANCE CORP,EV.1
004213,P,LU,70578,1467,1972-12-14,E,ECOLAB INC,ECL
004230,P,LC,54391,20634,1972-03-22,2007-09-28,EDWARDS (A G) INC,AGE.1
004241,P,LC,82855,1507,1996-02-27,2020-07-31,EL PASO ELECTRIC CO,EE.2
004242,C,LC,77481,22983,1992-03-13,2012-05-31,EL PASO CORP,EP.1
004321,P,LC,22103,20643,1962-01-31,E,EMERSON ELECTRIC CO,EMR
004321,C,LC,22103,20643,1949-10-01,1962-01-30,EMERSON ELECTRIC CO,EMR
004340,P,LU,32540,1523,1981-04-30,2015-05-29,EMULEX CORP,ELX
004351,P,LU,26470,20649,1962-01-31,2018-11-30,ENERGEN CORP,EGN
004352,C,LU,32636,1539,1972-12-14,2012-08-31,ENERGY CONVERSION DEV,ENERQ
004367,P,LC,32791,1543,2021-06-02,E,WEATHERFORD INTL PLC,WFRD
004367,P,LC,32791,1543,1979-01-31,2015-05-12,WEATHERFORD INTL PLC,WFRD
004367,C,LC,32791,1543,1977-01-01,1979-01-30,WEATHERFORD INTL PLC,WFRD
004371,P,LC,62834,20651,1981-05-27,2006-06-30,ENGELHARD CORP,EC.2
004372,P,LU,87581,7700,1985-09-30,2006-01-31,ENGINEERED SUPPORT SYSTEMS,EASI.1
004383,P,LU,32986,6748,1983-12-28,E,ATMOS ENERGY CORP,ATO
004384,P,LC,14813,54961,2014-07-28,E,MARA HOLDINGS INC,MARA
004409,P,LU,33137,6863,1984-02-15,E,ENZON PHARMACEUTICALS -OLD,ENZND.1
004423,P,LU,52476,20659,1971-05-11,E,EQUIFAX INC,EFX
004430,P,LC,24328,20662,1962-01-31,E,EQT CORP,EQT
004430,C,LC,24328,20662,1951-01-01,1962-01-30,EQT CORP,EQT
004460,P,LU,50788,20671,1970-06-23,2019-03-29,ESTERLINE TECHNOLOGIES CORP,ESL
004462,P,LU,42550,20672,1965-10-14,E,NEWMARKET CORP,NEU
004472,P,LC,33647,5238,1981-12-21,1989-09-28,EVERGREEN RESOURCE-OLD,EVER.2
004494,P,LU,87717,7232,1984-09-26,E,EXPEDITORS INTL WASH INC,EXPD
004503,P,LC,11850,20678,1962-01-31,E,EXXONMOBIL HOLDINGS CORP,XOM
004503,C,LC,11850,20678,1950-01-01,1962-01-30,EXXONMOBIL HOLDINGS CORP,XOM
004510,P,LU,19166,20681,1962-01-31,E,FMC CORP,FMC
004510,C,LU,19166,20681,1950-01-01,1962-01-30,FMC CORP,FMC
004517,P,LC,24205,20684,1962-01-31,E,NEXTERA ENERGY INC,NEE
004517,C,LC,24205,20684,1951-01-01,1962-01-30,NEXTERA ENERGY INC,NEE
004560,P,LC,53866,20690,1972-01-04,2015-07-06,FAMILY DOLLAR STORES,FDO
004598,P,LU,60628,1685,1978-04-12,E,FEDEX CORP,FDX
004600,P,LC,92640,20694,2008-04-23,2017-01-31,FEDERAL-MOGUL HOLDINGS CORP,FDML
004601,P,LC,51043,20695,1970-08-31,2010-07-07,FEDERAL NATIONAL MORTGA ASSN,FNMA
004608,P,LU,47706,20698,1969-02-11,E,FEDERAL SIGNAL CORP,FSS
004611,C,LU,77462,22856,1992-03-17,E,MACY'S INC,M
004622,C,LU,21135,20699,1962-01-31,2022-04-29,FERRO CORP,FOE
004622,C,LU,21135,20699,1950-01-01,1962-01-30,FERRO CORP,FOE
004640,P,LU,34746,1741,1980-01-31,E,FIFTH THIRD BANCORP,FITB
004640,C,LU,34746,1741,1980-01-01,1980-01-30,FIFTH THIRD BANCORP,FITB
004666,P,LU,34981,5599,1982-08-17,2010-07-30,INTERACTIVE DATA HLDGS -REDH,IDC
004674,P,LC,35044,1620,1972-12-14,E,REGIONS FINANCIAL CORP,RF
004675,P,LU,10342,8265,1986-06-10,2006-03-31,INAMED CORP,IMDC.
004678,P,LC,35167,5259,1982-01-04,2016-08-15,FIRSTMERIT CORP,FMER
004682,P,LC,66157,1645,1972-12-14,2001-02-26,U S BANCORP/DE-OLD,USB.1
004685,P,LU,35263,1658,1973-01-31,E,TRUSTMARK CORP,TRMK
004690,P,LC,10777,8674,1986-10-22,E,FIRST CITIZENS BANCSH  -CL A,FCNCA
004699,C,LC,35554,1689,1972-12-14,E,M&T BANK CORP,MTB
004708,P,LU,35781,1718,1972-12-14,2001-12-31,BANCWEST CORP,BWE
004723,P,LC,66157,1645,2001-02-27,E,US BANCORP,USB
004723,P,LC,36127,1788,1972-12-14,2001-02-26,US BANCORP,USB
004737,C,LU,36397,1856,1972-12-14,E,FIRST HORIZON CORP,FHN
004739,C,LC,36469,1869,1972-12-14,2008-12-31,WACHOVIA CORP,WB.3
004742,P,LU,52265,20724,1971-04-19,2003-07-31,FIRST VIRGINIA BANKS INC,FVB
004764,C,LU,47159,20734,1968-11-15,2004-04-30,FLEETBOSTON FINANCIAL CORP,FBF
004769,P,LU,47271,20736,1968-12-06,2003-04-01,FLEMING COMPANIES INC,FLMIQ
004790,P,LC,27748,20738,1968-01-31,2007-07-26,FLORIDA EAST COAST INDS,FLA
004790,C,LC,27748,20738,1968-01-01,1968-01-30,FLORIDA EAST COAST INDS,FLA
004802,P,LU,56784,20740,1972-12-14,2007-11-30,FLORIDA ROCK INDUSTRIES INC,FRK
004809,P,LC,49031,20743,1969-08-21,2001-03-26,FLOWERS FOODS INC,FLO
004809,P,LC,88924,41367,2001-03-28,E,FLOWERS FOODS INC,FLO
004818,P,LC,88853,41080,2000-12-22,E,FLUOR CORP,FLR
004818,C,LC,26382,20745,1957-10-28,1965-12-30,FLUOR CORP,FLR
004818,P,LC,26382,20745,1965-12-31,2000-11-30,FLUOR CORP,FLR
004828,P,LC,87205,35270,1999-09-09,2001-04-25,DELHAIZE AMERICA INC,DEG1
004834,P,LU,41726,20748,1965-03-16,2001-06-29,TRUE NORTH COMMUNICATIONS,TNO.1
004839,P,LC,25785,20750,1962-01-31,E,FORD MOTOR CO,F
004839,C,LC,25785,20750,1950-01-01,1962-01-30,FORD MOTOR CO,F
004842,C,LC,31974,20751,1962-07-02,2018-12-31,FOREST CITY REALTY TRUST INC,FCE.A
004843,P,LC,45241,20753,1967-10-24,2014-06-30,FOREST LABORATORIES  -CL A,FRX.1
004844,N,LX,37234,1807,1998-09-30,2006-03-31,FOREST OIL CORP -OLD,FST.1
004844,P,LC,37234,1807,1972-12-14,2014-12-16,FOREST OIL CORP -OLD,FST.1
004881,P,LU,37568,1688,1972-12-14,E,FRANKLIN ELECTRIC CO INC,FELE
004885,P,LU,37584,6407,1983-09-23,E,FRANKLIN RESOURCES INC,BEN
004926,P,LU,37875,1868,1972-12-14,E,FULLER (H. B.) CO,FUL
004941,P,LC,12036,20773,1962-01-31,E,GATX CORP,GATX
004941,C,LC,12036,20773,1950-01-01,1962-01-30,GATX CORP,GATX
004973,P,LU,38093,7094,1984-06-20,E,ARTHUR J GALLAGHER & CO,AJG
004984,C,LD,38149,297,1983-12-30,1986-01-31,GAMING & TECHNOLOGY-OLD,GATI.
004984,C,LC,38149,297,1978-11-02,1983-12-29,GAMING & TECHNOLOGY-OLD,GATI.
004988,P,LC,47941,20782,1969-03-10,E,TEGNA INC,TGNA
004990,P,LU,59010,1892,1976-05-20,E,GAP INC,GAP
005018,P,LU,20765,20786,1962-01-31,2023-07-31,AEROJET ROCKETDYNE HOLDINGS,AJRD
005018,C,LU,20765,20786,1949-12-01,1962-01-30,AEROJET ROCKETDYNE HOLDINGS,AJRD
005020,P,LC,87031,1928,1999-07-20,2009-03-26,GENENTECH INC,DNA.2
005038,P,LU,40838,20789,1964-07-09,2001-07-31,HARCOURT GENERAL INC,H.2
005046,P,LC,12052,20791,1962-01-31,E,GENERAL DYNAMICS CORP,GD
005046,C,LC,12052,20791,1954-01-01,1962-01-30,GENERAL DYNAMICS CORP,GD
005047,P,LC,12060,20792,1962-01-31,E,GE AEROSPACE,GE
005047,C,LC,12060,20792,1950-01-01,1962-01-30,GE AEROSPACE,GE
005071,P,LC,17144,20798,1962-01-31,E,GENERAL MILLS INC,GIS
005071,C,LC,17144,20798,1950-06-01,1962-01-30,GENERAL MILLS INC,GIS
005072,P,LC,14558,53687,2014-04-10,E,ALLY FINANCIAL INC,ALLY
005073,N,LX,12369,53554,2014-03-31,E,GENERAL MOTORS CO,GM
005073,N,LX,12079,20799,1997-01-31,2008-07-31,GENERAL MOTORS CO,GM
005073,P,LC,12369,53554,2010-11-18,E,GENERAL MOTORS CO,GM
005073,C,LC,12079,20799,1950-01-01,1962-01-30,GENERAL MOTORS CO,GM
005073,P,LC,12079,20799,1962-01-31,2009-06-01,GENERAL MOTORS CO,GM
005074,P,LC,83596,31660,1996-06-10,2008-08-25,ELECTRONIC DATA SYSTEMS CORP,EDS.
005079,C,LU,22541,20802,1952-01-01,1962-01-30,GPU INC,GPU.
005079,P,LU,22541,20802,1962-01-31,2001-11-30,GPU INC,GPU.
005087,P,LU,55212,21548,1998-10-07,E,SPX TECHNOLOGIES INC,SPXC
005109,P,LU,21055,20805,1962-01-31,E,GENESCO INC,GCO
005109,C,LU,21055,20805,1949-11-01,1962-01-30,GENESCO INC,GCO
005116,P,LU,38659,5242,1981-12-22,E,GENTEX CORP,GNTX
005125,P,LU,46674,20807,1968-08-20,E,GENUINE PARTS CO,GPC
005134,P,LU,23915,20809,1962-01-31,2005-12-30,GEORGIA-PACIFIC CORP,GP.1
005134,C,LC,23915,20809,1950-01-01,1962-01-30,GEORGIA-PACIFIC CORP,GP.1
005169,P,LC,16424,20818,1962-01-31,2005-09-30,GILLETTE CO,G.1
005169,C,LC,16424,20818,1950-01-01,1962-01-30,GILLETTE CO,G.1
005184,P,LC,67563,6458,1984-01-31,1998-09-29,GOLDEN STATE BANCORP INC-OLD,GSB.1
005184,C,LC,67563,6458,1983-10-05,1984-01-30,GOLDEN STATE BANCORP INC-OLD,GSB.1
005187,P,LC,45428,20826,1967-11-29,2001-11-20,GLOBALSANTAFE CORP,GSF.2
005216,C,LC,53479,20831,1975-02-28,2006-09-29,GOLDEN WEST FINANCIAL CORP,GDW
005216,C,LC,53479,20831,1974-01-01,1975-02-27,GOLDEN WEST FINANCIAL CORP,GDW
005229,P,LU,12140,20833,1962-01-31,2012-07-31,GOODRICH CORP,GR
005229,C,LU,12140,20833,1950-01-01,1962-01-30,GOODRICH CORP,GR
005234,C,LU,16432,20834,1950-01-01,1962-01-30,GOODYEAR TIRE & RUBBER CO,GT
005234,P,LU,16432,20834,1962-01-31,E,GOODYEAR TIRE & RUBBER CO,GT
005250,P,LC,85908,34684,1998-04-08,2021-09-30,GRACE (W R) & CO,GRA
005252,P,LU,39571,2002,1972-12-14,E,GRACO INC,GGG
005256,P,LU,52695,20841,1971-06-23,E,GRAINGER (W W) INC,GWW
005301,P,LC,26657,20844,1962-01-31,2010-12-10,GREAT ATLANTIC & PAC TEA CO,GAPTQ
005301,C,LC,26657,20844,1958-12-15,1962-01-30,GREAT ATLANTIC & PAC TEA CO,GAPTQ
005306,P,LC,32379,20845,1966-01-31,2005-07-29,GREAT LAKES CHEMICAL CORP,GLK.1
005306,C,LC,32379,20845,1962-07-02,1966-01-30,GREAT LAKES CHEMICAL CORP,GLK.1
005338,P,LU,83233,27374,1996-03-06,E,GREIF INC  -CL A,GEF
005342,P,LC,90213,45286,2004-07-01,2023-06-30,MONEYGRAM INTERNATIONAL INC,MGI
005342,C,LC,19721,20851,1950-01-01,1962-01-30,MONEYGRAM INTERNATIONAL INC,MGI
005342,P,LC,19721,20851,1962-01-31,2004-06-30,MONEYGRAM INTERNATIONAL INC,MGI
005417,P,LC,65939,2231,1982-01-29,2006-01-31,HUDSON UNITED BANCORP,HU
005417,C,LC,65939,2231,1982-01-01,1982-01-28,HUDSON UNITED BANCORP,HU
005439,P,LU,23819,20868,1962-01-31,E,HALLIBURTON CO,HAL
005439,C,LU,23819,20868,1950-01-01,1962-01-30,HALLIBURTON CO,HAL
005492,P,LC,25582,20883,1962-01-31,E,L3HARRIS TECHNOLOGIES INC,LHX
005496,P,LU,25304,20884,1962-01-31,E,ENVIRI CORP,NVRI
005496,C,LU,25304,20884,1960-01-01,1962-01-30,ENVIRI CORP,NVRI
005518,P,LU,52978,20887,1971-08-11,E,HASBRO INC,HAS
005526,P,LU,41187,20890,1964-10-13,E,HAWAIIAN ELECTRIC INDS,HE
005539,P,LU,41292,6616,1983-11-23,E,HEALTHCARE SERVICES GROUP,HCSG
005559,P,LU,76927,11011,1991-08-08,E,STERLING INFRASTRUCTURE INC,STRL
005560,P,LU,32651,20897,1962-07-02,E,HECLA MINING CO,HL
005567,J,LU,85945,20898,1998-04-24,E,HEICO CORP,HEI
005568,C,LC,23077,20900,2013-06-01,2013-06-10,KRAFT HEINZ CO,KHC
005568,P,LC,23077,20900,1962-01-31,2013-05-31,KRAFT HEINZ CO,KHC
005568,P,LC,15408,55296,2015-07-06,E,KRAFT HEINZ CO,KHC
005568,C,LC,23077,20900,1950-05-01,1962-01-30,KRAFT HEINZ CO,KHC
005581,P,LU,32707,20902,1962-07-02,E,HELMERICH & PAYNE,HP
005589,P,LU,18016,20904,1962-01-31,2008-11-28,HERCULES INC,HPC
005589,C,LU,18016,20904,1950-01-01,1962-01-30,HERCULES INC,HPC
005597,P,LC,16600,20906,1962-01-31,E,HERSHEY CO,HSY
005597,C,LC,16600,20906,1950-01-01,1962-01-30,HERSHEY CO,HSY
005600,P,LC,91575,51423,2006-11-16,2016-06-30,HERTZ GLOBAL HOLDINGS INC,HTZ
005600,P,LC,84663,34736,1997-04-25,2001-03-09,HERTZ GLOBAL HOLDINGS INC,HTZ
005600,P,LC,16086,55584,2021-11-09,E,HERTZ GLOBAL HOLDINGS INC,HTZ
005600,P,LC,16086,55584,2016-07-01,2020-10-29,HERTZ GLOBAL HOLDINGS INC,HTZ
005606,P,LC,27828,20908,1962-01-31,E,HP INC,HPQ
005608,P,LU,61567,2130,1972-12-14,E,HEXCEL CORP,HXL
005619,P,LU,41807,2141,1981-01-30,2005-11-30,HIBERNIA CORP  -CL A,HIB
005619,C,LU,41807,2141,1981-01-01,1981-01-29,HIBERNIA CORP  -CL A,HIB
005639,P,LC,52716,20913,1971-06-28,2021-12-31,HILL-ROM HOLDINGS INC,HRC
005643,P,LC,14338,54672,2013-12-12,E,HILTON WORLDWIDE HOLDINGS,HLT
005643,P,LC,23309,20915,1962-01-31,2007-10-24,HILTON WORLDWIDE HOLDINGS,HLT
005643,C,LC,23309,20915,1950-01-01,1962-01-30,HILTON WORLDWIDE HOLDINGS,HLT
005667,P,LC,32803,20922,1965-11-30,E,HF SINCLAIR CORP,DINO
005671,P,LC,42140,2227,1972-12-14,2016-04-28,PINNACLE ENTERTAINMENT INC,PNK
005680,P,LC,66181,5085,1981-09-22,E,HOME DEPOT INC,HD
005686,C,LU,12319,20926,1950-01-01,1962-01-30,HOMESTAKE MINING,HM
005686,P,LU,12319,20926,1962-01-31,2001-12-31,HOMESTAKE MINING,HM
005690,P,LU,42439,2191,1972-12-14,E,HNI CORP,HNI
005709,P,LU,32870,20932,1962-07-02,E,HORMEL FOODS CORP,HRL
005723,P,LC,91207,20935,2006-04-10,2016-09-22,STARWOOD HOTELS&RESORTS WRLD,HOT
005726,P,LU,44986,20936,1967-09-15,2001-08-31,HOUGHTON MIFFLIN CO,0780B
005735,C,LC,20124,20938,1962-01-31,2003-03-28,HSBC FINANCE CORP,HBC1
005735,C,LC,20124,20938,1950-01-01,1962-01-30,HSBC FINANCE CORP,HBC1
005742,C,LU,21792,20939,1951-01-01,1962-01-30,CENTERPOINT ENERGY INC,CNP
005742,P,LU,21792,20939,1962-01-31,E,CENTERPOINT ENERGY INC,CNP
005750,N,LD,65285,20942,1983-12-30,1992-09-13,HOVNANIAN ENTRPRS INC  -CL A,HOV
005750,P,LC,65285,20942,1983-12-30,E,HOVNANIAN ENTRPRS INC  -CL A,HOV
005750,C,LC,65285,20942,1983-09-16,1983-12-29,HOVNANIAN ENTRPRS INC  -CL A,HOV
005764,P,LC,32942,20945,1962-07-02,E,HUBBELL INC,HUBB
005774,P,LC,66587,2232,1972-12-14,2006-03-31,HUGHES SUPPLY INC,HUG
005776,P,LC,48653,20950,1969-07-02,1993-03-07,GALEN HEALTH CARE INC,GHC.1
005783,P,LU,42877,6606,1983-11-22,E,HUNT (JB) TRANSPRT SVCS INC,JBHT
005786,P,LU,42906,2093,1972-12-14,E,HUNTINGTON BANCSHARES,HBAN
005824,P,LC,38973,20953,1963-03-25,2010-02-26,PEPSIAMERICAS INC,PAS
005848,C,LC,75227,20951,1987-10-01,2001-09-28,IBP INC,IBP.1
005860,P,LC,12570,20964,1962-01-31,E,ITT INC,ITT
005860,C,LC,12570,20964,1950-01-01,1962-01-30,ITT INC,ITT
005862,P,LC,80210,30265,1994-03-02,E,RAYONIER INC,RYN
005870,P,LU,21928,20965,1962-01-31,E,IDACORP INC,IDA
005870,C,LU,21928,20965,1951-01-01,1962-01-30,IDACORP INC,IDA
005878,P,LU,56573,20968,1973-03-13,E,ILLINOIS TOOL WORKS,ITW
005885,P,LU,43610,6125,1983-07-01,2002-07-31,IMMUNEX CORP,IMNX
005902,P,LU,43757,6560,1984-07-31,2020-10-30,IMMUNOMEDICS INC,IMMU
005902,C,LU,43757,6560,1984-07-01,1984-07-30,IMMUNOMEDICS INC,IMMU
005918,P,LU,51633,20976,1970-12-08,2019-02-28,VECTREN CORP,VVC
005921,P,LD,21370,21004,1965-01-29,1983-11-20,INDIANAPOLIS POWER & LIGHT,IPL1
005959,P,LC,12431,20977,1962-01-31,E,TRANE TECHNOLOGIES PLC,TT
005959,C,LC,12431,20977,1950-01-01,1962-01-30,TRANE TECHNOLOGIES PLC,TT
005969,P,LC,75228,7712,1985-08-27,1987-12-10,IVACO INDUSTRIES INC,IVX.1
005980,P,LC,65293,20979,1983-07-26,2010-04-15,TERRA INDUSTRIES INC,TRA
005980,N,LX,65293,20979,1998-04-30,2010-04-15,TERRA INDUSTRIES INC,TRA
006003,P,LU,44506,6867,1984-02-17,2019-03-31,INTEGRATED DEVICE TECH INC,IDTI
006008,P,LU,59328,2367,1972-12-14,E,INTEL CORP,INTC
006025,P,LU,77855,20987,1992-06-29,2014-07-31,FURNITURE BRANDS INTL INC,FBNIQ
006066,P,LC,12490,20990,1962-01-31,E,INTL BUSINESS MACHINES CORP,IBM
006066,C,LC,12490,20990,1950-01-01,1962-01-30,INTL BUSINESS MACHINES CORP,IBM
006078,P,LC,40272,20991,1964-03-02,E,INTL FLAVORS & FRAGRANCES,IFF
006081,P,LC,12503,21265,2008-06-30,2021-07-30,NAVISTAR INTERNATIONAL CORP,NAV
006081,P,LC,12503,21265,1962-01-31,2007-02-13,NAVISTAR INTERNATIONAL CORP,NAV
006081,C,LC,12503,21265,1949-11-01,1962-01-30,NAVISTAR INTERNATIONAL CORP,NAV
006097,P,LC,45277,5132,1981-10-22,2015-04-06,INTL GAME TECHNOLOGY,IGT.1
006100,P,LU,45306,5184,1981-11-12,E,INTERDIGITAL INC,IDCC
006104,P,LC,21573,20994,1962-01-31,E,INTL PAPER CO,IP
006104,C,LC,21573,20994,1950-01-01,1962-01-30,INTL PAPER CO,IP
006109,P,LC,27705,20996,1962-01-31,2015-01-13,INTL RECTIFIER CORP,IRF
006109,C,LC,27705,20996,1960-12-12,1962-01-30,INTL RECTIFIER CORP,IRF
006116,P,LU,84226,27852,1996-12-01,2019-10-31,INTL SPEEDWAY CORP  -CL A,ISCA
006116,N,LU,84226,27852,1996-11-05,1996-11-30,INTL SPEEDWAY CORP  -CL A,ISCA
006127,P,LC,23317,20654,1962-01-31,2002-01-11,ENRON CORP,ENRNQ
006127,C,LC,23317,20654,1962-01-01,1962-01-30,ENRON CORP,ENRNQ
006136,P,LU,53065,20997,1971-08-23,2025-11-28,INTERPUBLIC GROUP OF COS,IPG
006140,C,LC,76745,11041,1991-07-24,2004-09-22,INTERSTATE BAKERIES CORP,IBCIQ
006158,P,LU,45728,7029,1984-05-11,2023-05-05,INVACARE CORP,IVCRQ
006178,P,LC,21370,21004,1962-01-31,2001-03-27,IPALCO ENTERPRISES INC,AES4
006196,C,LU,46077,6393,1969-06-17,2020-06-30,ANIXTER INTL INC,AXE
006207,P,LC,46149,2456,1977-12-14,2006-12-29,JLG INDUSTRIES INC,JLG
006216,P,LU,52329,21011,1971-04-27,E,JACOBS SOLUTIONS INC,J
006223,C,LU,82694,14268,1995-12-28,E,EMCOR GROUP INC,EME
006239,C,LC,86804,35031,2013-03-01,E,JEFFERIES GROUP LLC,LUK2
006239,P,LC,86804,35031,1999-04-28,2013-02-28,JEFFERIES GROUP LLC,LUK2
006239,P,LC,46392,6496,1983-10-13,1999-04-27,JEFFERIES GROUP LLC,LUK2
006241,C,LC,48485,21015,2006-04-01,2006-04-28,JEFFERSON-PILOT CORP,JP.1
006241,P,LC,48485,21015,1969-06-09,2006-03-31,JEFFERSON-PILOT CORP,JP.1
006242,P,LC,80543,13043,2010-07-01,2011-05-31,SMURFIT-STONE CONTAINER CORP,SSCC.
006242,P,LC,80543,13043,1994-05-04,2009-02-03,SMURFIT-STONE CONTAINER CORP,SSCC.
006266,P,LC,22111,21018,1962-01-31,E,JOHNSON & JOHNSON,JNJ
006266,C,LC,22111,21018,1950-01-01,1962-01-30,JOHNSON & JOHNSON,JNJ
006268,P,LC,42534,21019,1965-10-11,2016-09-05,JOHNSON CONTROLS INTL PLC,JCI
006304,P,LU,46886,2551,1980-10-08,E,KLA CORP,KLAC
006307,P,LC,89757,44118,2003-06-10,2018-10-23,SEARS HOLDINGS CORP,SHLDQ
006307,P,LC,12749,21028,1962-01-31,2002-12-18,SEARS HOLDINGS CORP,SHLDQ
006307,C,LC,12749,21028,1950-01-01,1962-01-30,SEARS HOLDINGS CORP,SHLDQ
006310,P,LC,51596,21029,1970-11-24,2007-05-30,KINDER MORGAN INC,KMI
006310,P,LC,12558,53667,2011-02-11,E,KINDER MORGAN INC,KMI
006334,P,LC,24432,21032,1962-01-31,2018-06-04,GREAT PLAINS ENERGY INC,GXP
006334,C,LC,24432,21032,1951-01-01,1962-01-30,GREAT PLAINS ENERGY INC,GXP
006335,P,LC,12650,21033,1963-01-31,2021-12-31,KANSAS CITY SOUTHERN,KSU
006335,C,LC,12650,21033,1963-01-01,1963-01-30,KANSAS CITY SOUTHERN,KSU
006338,P,LC,24053,21035,1962-01-31,E,EVERGY INC,EVRG
006338,C,LC,24053,21035,1958-01-01,1962-01-30,EVERGY INC,EVRG
006347,P,LC,89702,5331,2003-03-06,2007-11-15,WASHINGTON GROUP INTL INC,WNG
006357,P,LC,47205,6985,1984-04-13,2013-10-31,KAYDON CORP,KDN
006362,P,LU,47248,2510,1974-04-30,2007-06-29,KEANE INC,KEA
006362,C,LC,47248,2510,1974-01-01,1974-04-29,KEANE INC,KEA
006375,P,LU,26825,21041,1962-01-31,2025-12-31,KELLANOVA,K
006386,P,LU,44134,21045,1967-01-23,E,KENNAMETAL INC,KMT
006403,P,LC,25769,21049,1962-01-31,2006-08-10,KERR-MCGEE CORP,KMG.1
006418,C,LC,64995,2535,1972-02-23,1994-03-01,KEYCORP  -OLD,KEY.3
006435,P,LC,17750,21055,1962-01-31,E,KIMBERLY-CLARK CORP,KMB
006435,C,LC,17750,21055,1950-05-01,1962-01-30,KIMBERLY-CLARK CORP,KMB
006461,P,LU,59045,21057,1976-09-13,E,KIRBY CORP,KEX
006475,P,LC,48960,21061,1969-08-14,2006-06-30,KNIGHT-RIDDER INC,KRI
006502,P,LC,16678,21068,1962-01-31,E,KROGER CO,KR
006502,C,LC,16678,21068,1950-01-01,1962-01-30,KROGER CO,KR
006509,C,LU,48144,2552,1972-12-14,E,KULICKE & SOFFA INDUSTRIES,KLIC
006523,P,LD,45225,21854,1984-01-31,1987-02-27,VALHI INC-OLD,VHI.1
006523,P,LC,45225,21854,1967-10-23,1984-01-30,VALHI INC-OLD,VHI.1
006529,P,LC,48267,5995,1983-05-13,2014-05-06,LSI CORP,LSI.1
006532,P,LC,48291,5292,1982-02-02,2018-10-31,XCERRA CORP,XCRA
006543,P,LU,48347,2615,1972-12-14,E,LA-Z-BOY INC,LZB
006547,P,LC,12781,21080,1962-01-31,E,SPIRE INC,SR
006547,C,LC,12781,21080,1950-10-01,1962-01-30,SPIRE INC,SR
006552,J,LX,65656,6066,1998-04-30,2006-06-30,LAFARGE NORTH AMERICA INC,LAF
006552,P,LU,65656,6066,1983-06-14,2006-06-30,LAFARGE NORTH AMERICA INC,LAF
006557,N,LX,90045,44900,2004-02-10,2007-09-28,LAIDLAW INTERNATIONAL INC,LI.3
006557,P,LC,90045,44900,2004-02-10,2007-09-28,LAIDLAW INTERNATIONAL INC,LI.3
006565,P,LC,48486,7013,1984-05-04,E,LAM RESEARCH CORP,LRCX
006573,P,LU,48523,2600,1972-12-14,E,MARZETTI CO (THE),MZTI
006574,P,LU,48531,2689,1972-12-14,2018-03-29,SNYDERS-LANCE INC,LNCE
006639,P,LU,50286,21090,1970-03-17,E,LEE ENTERPRISES INC,LEE
006649,P,LU,60943,2636,1972-12-14,E,LEGGETT & PLATT INC,LEG
006653,P,LU,65330,21092,1983-08-01,2020-07-31,LEGG MASON INC,LM
006669,P,LC,52708,21095,1971-06-23,E,LENNAR CORP,LEN
006682,P,LC,20415,21097,1962-01-31,E,JEFFERIES FINANCIAL GRP INC,JEF
006682,C,LC,20415,21097,1950-01-01,1962-01-30,JEFFERIES FINANCIAL GRP INC,JEF
006730,P,LU,50876,21102,1970-07-09,E,LILLY (ELI) & CO,LLY
006733,C,LC,64282,2664,1973-02-09,E,BATH & BODY WORKS INC,BBWI
006737,P,LC,81678,27454,1998-06-01,E,LINCOLN ELECTRIC HLDGS INC,LECO
006737,J,LC,81678,27454,1997-12-31,1998-05-31,LINCOLN ELECTRIC HLDGS INC,LECO
006737,P,LC,81678,27454,1997-06-01,1997-12-30,LINCOLN ELECTRIC HLDGS INC,LECO
006737,J,LD,81678,27454,1997-06-01,1997-12-30,LINCOLN ELECTRIC HLDGS INC,LECO
006737,J,LD,81678,27454,1995-06-13,1997-05-31,LINCOLN ELECTRIC HLDGS INC,LECO
006737,P,LC,81678,27454,1995-06-13,1997-05-31,LINCOLN ELECTRIC HLDGS INC,LECO
006742,P,LC,49015,21105,1972-01-31,E,LINCOLN NATIONAL CORP,LNC
006742,C,LC,49015,21105,1972-01-01,1972-01-30,LINCOLN NATIONAL CORP,LNC
006765,P,LU,26294,21109,1962-01-31,2001-05-30,LITTON INDUSTRIES INC,LIT.1
006768,P,LC,49905,2678,1981-06-09,2017-07-11,KATE SPADE & CO,KATE
006774,P,LU,21178,21110,1962-01-31,E,LOCKHEED MARTIN CORP,LMT
006774,C,LU,21178,21110,1950-01-01,1962-01-30,LOCKHEED MARTIN CORP,LMT
006781,P,LC,26710,21111,1962-01-31,E,LOEWS CORP,L
006788,C,LU,50017,2706,1980-06-19,E,RANGE RESOURCES CORP,RRC
006797,P,LU,89675,7572,1985-06-28,2007-06-29,LONE STAR TECHNOLOGIES,LSS
006799,P,LC,24360,21116,1962-01-31,2007-08-24,KEYSPAN CORP,KSE
006799,C,LC,24360,21116,1951-01-01,1962-01-30,KEYSPAN CORP,KSE
006802,P,LC,53612,21117,1971-11-29,2008-10-30,LONGS DRUG STORES CORP,LDG
006821,P,LU,56223,21121,1972-12-29,E,LOUISIANA-PACIFIC CORP,LPX
006829,P,LU,61399,2709,1972-12-14,E,LOWE'S COS INC,LOW
006830,P,LC,43721,21123,1966-08-22,2011-09-16,LUBRIZOL CORP,LZ.1
006836,P,LC,76489,10783,1990-11-06,2013-07-01,LUFKIN INDUSTRIES INC,LUFK
006865,P,LU,66245,21130,1982-11-01,2024-04-30,MDC HOLDINGS INC,MDC
006867,P,LC,23835,21132,1962-01-31,E,MDU RESOURCES GROUP INC,MDU
006867,C,LC,23835,21132,1951-01-01,1962-01-30,MDU RESOURCES GROUP INC,MDU
006932,P,LU,50789,2847,1972-12-14,E,MGE ENERGY INC,MGEE
006936,C,LC,89790,3021,1982-11-01,2017-02-09,MAGELLAN PETROLEUM CORP,MPET
006994,P,LU,51263,2767,1972-12-14,E,MANITOWOC CO,MTW
007007,P,LU,90100,21151,1988-11-29,2001-02-27,JOHNS MANVILLE CORP,JM
007017,C,LC,15069,21795,1991-04-12,E,MARATHON OIL CORP,MRO
007065,P,LU,45751,21158,1968-02-16,E,MARSH,MRSH
007067,P,LC,51706,3042,1972-12-14,2011-07-05,MARSHALL & ILSLEY CORP,MI.1
007085,P,LU,34032,21161,1962-07-02,E,MASCO CORP,MAS
007116,C,LU,39538,21168,1963-08-12,E,MATTEL INC,MAT
007123,C,LC,86281,7680,1998-07-31,2006-05-19,MAXTOR CORP,MXO
007127,P,LC,13100,21172,1962-01-31,2005-08-29,MAY DEPARTMENT STORES CO,MAY.2
007127,C,LC,13100,21172,1950-02-01,1962-01-30,MAY DEPARTMENT STORES CO,MAY.2
007139,P,LC,13119,21173,1962-01-31,2006-03-31,MAYTAG CORP,MYG.1
007139,C,LC,13119,21173,1950-01-01,1962-01-30,MAYTAG CORP,MYG.1
007146,P,LC,52090,2801,1972-12-14,E,MCCORMICK & CO INC,MKC
007154,P,LU,43449,21177,1966-07-05,E,MCDONALD'S CORP,MCD
007163,P,LU,17478,21179,1962-01-31,E,S&P GLOBAL INC,SPGI
007163,C,LU,17478,21179,1950-01-01,1962-01-30,S&P GLOBAL INC,SPGI
007171,P,LC,81061,30521,1994-12-01,E,MCKESSON CORP,MCK
007180,P,LU,19895,21182,1962-01-31,2002-01-31,MEAD CORP,MEA.1
007180,C,LU,19895,21182,1950-01-01,1962-01-30,MEAD CORP,MEA.1
007186,P,LC,89813,44277,2003-08-20,2012-04-02,MEDCO HEALTH SOLUTIONS INC,MHS
007203,P,LC,50972,21183,1970-08-03,2013-11-28,MEDIA GENERAL INC  -OLD,MEG.1
007228,P,LC,60097,2850,1972-12-14,E,MEDTRONIC PLC,MDT
007238,P,LC,59379,2968,1972-12-14,2007-06-29,MELLON FINANCIAL CORP,MEL.3
007241,P,LC,17005,21185,1962-01-31,E,CVS HEALTH CORP,CVS
007241,C,LC,17005,21185,1950-01-01,1962-01-30,CVS HEALTH CORP,CVS
007250,P,LC,52792,2983,1977-09-07,2009-01-23,MENTOR CORP,MNT
007251,P,LC,52813,6791,1984-01-18,2017-03-30,MENTOR GRAPHICS CORP,MENT
007253,P,LC,52840,3029,1978-01-31,2007-03-30,MERCANTILE BANKSHARES CORP,MRBK.1
007253,C,LC,52840,3029,1978-01-01,1978-01-30,MERCANTILE BANKSHARES CORP,MRBK.1
007257,P,LC,22752,21188,1962-01-02,E,MERCK & CO INC,MRK
007257,C,LC,22752,21188,1950-01-01,1962-01-01,MERCK & CO INC,MRK
007260,P,LU,42796,21189,1965-12-09,2021-12-31,MEREDITH CORP,MDP
007267,P,LC,52919,21190,1971-07-27,2008-12-31,MERRILL LYNCH & CO INC,BAC2
007316,P,LC,53381,6959,1984-05-18,2006-10-31,MICHAELS COS INC,MIK
007316,P,LC,14696,54891,2014-06-27,2021-04-30,MICHAELS COS INC,MIK
007319,P,LU,75298,22024,1988-06-01,2001-05-31,MCN ENERGY GROUP INC,MCN.3
007331,P,LC,53480,2829,1981-02-13,2014-09-08,MICROS SYSTEMS INC,MCRS
007343,P,LC,53613,7065,1984-06-01,E,MICRON TECHNOLOGY INC,MU
007346,P,LC,53640,3047,1981-03-27,2018-05-29,MICROSEMI CORP,MSCC
007366,P,LU,24010,21201,1962-01-31,E,ENTERGY CORP,ETR
007366,C,LU,24010,21201,1951-01-01,1962-01-30,ENTERGY CORP,ETR
007401,P,LU,54114,2949,1972-12-14,E,MILLERKNOLL INC,MLKN
007409,P,LU,54181,2925,1972-12-14,2010-07-30,MILLIPORE CORP,MIL.2
007420,P,LU,54253,2971,1972-12-14,E,MSA SAFETY INC,MSA
007422,P,LC,91109,16277,2006-02-09,2017-12-22,EXCO RESOURCES INC,EXCE
007435,P,LC,22592,21205,1962-01-31,E,3M CO,MMM
007435,C,LC,22592,21205,1950-01-01,1962-01-30,3M CO,MMM
007437,P,LC,24248,21206,1962-01-31,2025-12-31,ALLETE INC,ALE
007437,C,LC,24248,21206,1951-01-01,1962-01-30,ALLETE INC,ALE
007466,P,LC,55191,21209,2000-06-01,2002-01-24,MITCHELL ENERGY & DEV CORP,MND.2
007466,J,LC,55191,21209,1994-11-01,2000-05-31,MITCHELL ENERGY & DEV CORP,MND.2
007466,P,LC,55191,21209,1992-07-01,1994-10-31,MITCHELL ENERGY & DEV CORP,MND.2
007466,J,LC,55191,21209,1992-06-25,1992-06-30,MITCHELL ENERGY & DEV CORP,MND.2
007466,P,LC,55191,21209,1972-07-28,1992-06-24,MITCHELL ENERGY & DEV CORP,MND.2
007486,P,LU,54704,7093,1984-06-19,E,MODINE MANUFACTURING CO,MOD
007504,P,LU,54798,5545,1982-06-11,2008-01-31,MGI PHARMA INC,MOGN
007506,P,LC,54827,2991,1972-12-14,2013-12-06,MOLEX INC,MOLX
007509,P,LC,11999,53465,2010-07-29,2016-08-31,MOLYCORP INC,MCPIQ
007526,P,LU,76591,10827,1991-02-01,E,QUIDELORTHO CORP,QDEL
007536,N,LX,18382,21214,1998-05-29,2003-04-30,PHARMACIA CORP,PHA.1
007536,P,LU,18382,21214,1962-01-31,2003-04-30,PHARMACIA CORP,PHA.1
007536,C,LU,18382,21214,1950-01-01,1962-01-30,PHARMACIA CORP,PHA.1
007537,P,LC,24256,21215,1962-01-31,2002-02-13,MONTANA POWER CO,MTP.1
007537,C,LC,24256,21215,1951-01-01,1962-01-30,MONTANA POWER CO,MTP.1
007549,P,LU,61807,21219,1980-06-12,E,MOOG INC  -CL A,MOG.A
007566,P,LU,55213,3004,1972-12-14,2017-12-29,RUBY TUESDAY INC,RT
007585,P,LC,22779,21230,1962-01-31,E,MOTOROLA SOLUTIONS INC,MSI
007585,C,LC,22779,21230,1950-01-01,1962-01-30,MOTOROLA SOLUTIONS INC,MSI
007620,P,LC,28345,21236,1962-01-02,E,MURPHY OIL CORP,MUR
007637,P,LC,69550,3104,1973-02-23,2020-11-16,VIATRIS INC,VTRS
007637,P,LC,20057,57529,2020-11-17,E,VIATRIS INC,VTRS
007647,P,LC,59408,3151,1972-12-14,E,BANK OF AMERICA CORP,BAC
007648,C,LU,84372,31832,1997-01-02,E,NCR VOYIX CORP,VYX
007672,P,LC,92013,12934,2007-05-31,2008-10-31,NORTHWEST AIRLINES CORP,NWA
007672,C,LC,80345,12934,1994-03-18,2005-09-23,NORTHWEST AIRLINES CORP,NWA
007682,P,LC,90377,7317,1984-11-28,2019-10-27,NANOMETRICS INC,NANO
007711,P,LC,56232,3157,1973-05-01,2008-12-31,NATIONAL CITY CORP,NCC
007723,P,LU,56363,3161,1972-12-14,2006-01-31,NDCHEALTH CORP,NDC
007733,P,LU,25590,21255,1962-01-31,E,NATIONAL FUEL GAS CO,NFG
007733,C,LU,25590,21255,1958-01-01,1962-01-30,NATIONAL FUEL GAS CO,NFG
007750,P,LC,52337,21258,1971-04-28,E,TENET HEALTHCARE CORP,THC
007772,P,LC,51377,21261,1970-10-20,2011-09-30,NATIONAL SEMICONDUCTOR CORP,NSM.2
007798,P,LC,56937,5651,1982-10-15,2010-10-04,NBTY INC,0170A
007824,P,LC,38658,21269,1962-11-19,2013-12-19,NV ENERGY INC,NVE
007849,P,LU,64450,3200,1972-12-14,E,NEW JERSEY RESOURCES CORP,NJR
007862,P,LC,24096,21278,1962-01-31,2008-09-16,ENERGY EAST CORP,EAS
007862,C,LC,24096,21278,1951-01-01,1962-01-30,ENERGY EAST CORP,EAS
007866,P,LU,47466,21280,1969-01-14,E,NEW YORK TIMES CO  -CL A,NYT
007875,P,LC,60986,3178,1972-12-14,E,NEWELL BRANDS INC,NWL
007881,N,LX,21207,21286,2019-05-11,E,NEWMONT CORP,NEM
007881,P,LU,21207,21286,1962-01-31,E,NEWMONT CORP,NEM
007881,C,LU,21207,21286,1961-01-01,1962-01-30,NEWMONT CORP,NEM
007883,P,LU,57534,3179,1978-01-31,2016-04-29,NEWPORT CORP,NEWP.1
007883,C,LU,57534,3179,1973-05-01,1978-01-30,NEWPORT CORP,NEWP.1
007892,P,LU,24184,21288,1962-01-31,2002-02-28,NIAGARA MOHAWK HOLDINGS INC,NMK
007892,C,LU,24184,21288,1951-01-01,1962-01-30,NIAGARA MOHAWK HOLDINGS INC,NMK
007904,P,LC,48274,21293,1969-05-02,2011-12-30,NICOR INC,GAS.2
007906,P,LU,57665,3194,1980-12-02,E,NIKE INC  -CL B,NKE
007912,P,LC,61815,3219,1972-12-14,2020-10-30,NOBLE ENERGY INC,NBL
007921,P,LU,57809,3160,1979-12-13,E,NORDSON CORP,NDSN
007922,P,LU,57817,3217,1972-12-14,2025-05-30,NORDSTROM INC,JWN
007923,P,LC,64311,21294,1982-06-25,E,NORFOLK SOUTHERN CORP,NSC
007970,P,LC,44206,21299,1967-02-20,E,EVERSOURCE ENERGY,ES
007974,P,LU,38762,21244,1962-12-19,E,NISOURCE INC,NI
007977,P,LC,23931,21300,1962-01-31,E,XCEL ENERGY INC,XEL
007977,C,LC,23931,21300,1951-01-01,1962-01-30,XCEL ENERGY INC,XEL
007982,P,LU,58246,3275,1972-12-14,E,NORTHERN TRUST CORP,NTRS
007985,P,LU,24766,21303,1962-01-31,E,NORTHROP GRUMMAN CORP,NOC
007991,C,LC,58318,3302,1982-11-01,E,TEREX CORP,TEX
007991,C,LC,58318,3302,1973-11-07,1982-07-08,TEREX CORP,TEX
007993,P,LC,58334,3306,1972-12-14,E,NORTHWEST NATURAL HLDNG CO,NWN
008001,P,LC,90458,3309,2004-11-02,E,NORTHWESTERN ENRGY GROUP INC,NWE
008007,P,LC,38703,21305,1962-12-10,E,WELLS FARGO & CO,WFC
008026,P,LD,58625,3288,1980-11-28,1983-12-30,NUCLEAR PHARMACY INC,NURX
008026,P,LC,58625,3288,1979-01-31,1980-11-27,NUCLEAR PHARMACY INC,NURX
008026,C,LC,58625,3288,1978-06-09,1979-01-30,NUCLEAR PHARMACY INC,NURX
008030,P,LU,34817,21308,1966-04-29,E,NUCOR CORP,NUE
008068,P,LC,34833,21322,1962-07-02,E,OCCIDENTAL PETROLEUM CORP,OXY
008079,P,LU,58975,3326,1975-11-03,E,OCEANEERING INTERNATIONAL,OII
008092,P,LU,59089,3370,1972-12-14,2019-10-31,BRISTOW GROUP INC,VTOL
008099,P,LU,23026,21326,1962-01-31,E,FIRSTENERGY CORP,FE
008099,C,LU,23026,21326,1951-01-01,1962-01-30,FIRSTENERGY CORP,FE
008113,P,LU,24440,21328,1962-01-31,E,OGE ENERGY CORP,OGE
008113,C,LU,24440,21328,1951-01-01,1962-01-30,OGE ENERGY CORP,OGE
008118,P,LU,59345,3359,1977-08-02,2001-04-30,OLD KENT FINANCIAL CORP,OK.2
008123,P,LU,13610,21329,1962-01-31,E,OLIN CORP,OLN
008123,C,LU,13610,21329,1954-01-01,1962-01-30,OLIN CORP,OLN
008133,P,LC,63714,3379,1981-07-16,2015-08-17,OMNICARE INC,OCR
008151,P,LC,25232,21332,1962-01-31,E,ONEOK INC,OKE
008199,P,LU,60098,3418,1972-12-14,E,OTTER TAIL CORP,OTTR
008210,P,LC,51457,21346,1970-11-05,2012-11-13,OVERSEAS SHIPHOLDING GROUP,OSG.1
008213,P,LU,60186,3321,1973-01-31,E,ACCENDRA HEALTH INC,ACH
008214,P,LC,91531,51337,2006-11-01,E,OWENS CORNING,OC
008215,C,LU,77157,22462,1991-12-11,E,O-I GLASS INC,OI
008245,P,LC,60442,3685,1983-01-19,E,PNC FINANCIAL SVCS GROUP INC,PNC
008247,P,LU,22509,21351,1962-01-31,E,PPG INDUSTRIES INC,PPG
008247,C,LU,22509,21351,1950-01-01,1962-01-30,PPG INDUSTRIES INC,PPG
008253,P,LU,60506,3487,1972-12-14,E,PACCAR INC,PCAR
008264,P,LC,13688,21356,1962-01-31,E,PG&E CORP,PCG
008264,C,LC,13688,21356,1951-01-01,1962-01-30,PG&E CORP,PCG
008272,P,LU,86136,34798,1998-06-29,E,SEMPRA ENERGY,SRE
008304,P,LC,35051,21360,1962-07-02,2015-08-28,PALL CORP,PLL.1
008333,P,LU,61138,6646,1984-01-31,E,PAR PHARMACEUTCL HLDGS -REDH,7259B
008358,P,LU,41355,21367,1964-12-09,E,PARKER-HANNIFIN CORP,PH
008387,P,LC,57509,21368,1972-12-14,2016-01-13,GOODRICH PETROLEUM CORP,GDP
008402,P,LU,61621,6333,1983-08-26,E,PAYCHEX INC,PAYX
008431,P,LC,60687,21372,1979-01-31,E,AMERICAN FINANCIAL GROUP INC,AFG
008431,C,LC,60687,21372,1979-01-01,1979-01-30,AMERICAN FINANCIAL GROUP INC,AFG
008440,P,LC,61955,3730,1972-12-14,2016-01-12,RANGER OIL CORPORATION,ROCC
008446,P,LC,18403,21375,1962-01-31,2020-05-18,OLD COPPER CO INC,CPPRQ
008446,C,LU,18403,21375,1950-02-01,1962-01-30,OLD COPPER CO INC,CPPRQ
008455,P,LC,22517,21376,1962-01-31,E,PPL CORP,PPL
008455,C,LC,22517,21376,1951-01-01,1962-01-30,PPL CORP,PPL
008463,P,LC,62034,3622,1972-12-14,2012-09-30,PENTAIR PLC,PNR
008470,P,LC,13821,21382,1962-01-31,2007-02-21,PEOPLES ENERGY CORP,PGL.1
008470,C,LC,13821,21382,1951-01-01,1962-01-30,PEOPLES ENERGY CORP,PGL.1
008475,P,LC,35238,21383,1962-07-02,2016-02-03,PEP BOYS-MANNY MOE & JACK,PBY.1
008479,P,LC,13856,21384,1962-01-31,E,PEPSICO INC,PEP
008479,C,LC,13856,21384,1950-01-01,1962-01-30,PEPSICO INC,PEP
008486,C,LC,50550,21385,1970-05-12,E,TUTOR PERINI CORP,TPC
008488,P,LC,27713,21387,1962-01-31,2008-11-21,APPLIED BIOSYSTEMS INC,ABI.3
008488,C,LC,27713,21387,1960-12-13,1962-01-30,APPLIED BIOSYSTEMS INC,ABI.3
008512,P,LU,62341,3526,1978-01-31,2023-08-31,PDC ENERGY INC,PDCE
008530,P,LC,21936,21394,1962-01-31,E,PFIZER INC,PFE
008530,C,LC,21936,21394,1950-01-01,1962-01-30,PFIZER INC,PFE
008536,C,LC,17806,22806,2007-03-31,2007-04-30,PHELPS DODGE CORP,PD.1
008536,P,LC,17806,22806,1962-01-31,2007-03-30,PHELPS DODGE CORP,PD.1
008536,C,LC,17806,22806,1950-01-01,1962-01-30,PHELPS DODGE CORP,PD.1
008539,P,LC,21776,21396,1962-01-31,E,EXELON CORP,EXC
008539,C,LC,21776,21396,1951-01-01,1962-01-30,EXELON CORP,EXC
008542,P,LC,52898,21397,1971-07-26,E,ESSENTIAL UTILITIES INC,WTRG
008543,P,LC,13901,21398,1962-01-31,E,ALTRIA GROUP INC,MO
008543,C,LC,13901,21398,1950-01-01,1962-01-30,ALTRIA GROUP INC,MO
008549,N,LX,13928,21401,1998-07-31,E,CONOCOPHILLIPS,COP
008549,P,LC,13928,21401,1962-01-31,E,CONOCOPHILLIPS,COP
008549,C,LC,13928,21401,1950-01-01,1962-01-30,CONOCOPHILLIPS,COP
008551,P,LC,13936,21402,1962-02-28,E,PVH CORP,PVH
008551,C,LC,13936,21402,1950-01-01,1962-02-27,PVH CORP,PVH
008577,P,LC,49971,21404,1970-02-04,2016-10-03,PIEDMONT NATURAL GAS CO,DUK1
008579,P,LU,51692,21405,1980-01-31,2020-10-30,PIER 1 IMPORTS INC/DE,PIRRQ
008579,C,LU,51692,21405,1979-09-01,1980-01-30,PIER 1 IMPORTS INC/DE,PIRRQ
008605,P,LC,89968,44721,2004-01-02,E,PIPER SANDLER COS,PIPR
008606,P,LU,24459,21411,1962-01-31,E,PITNEY BOWES INC,PBI
008606,C,LU,24459,21411,1950-09-18,1962-01-30,PITNEY BOWES INC,PBI
008617,P,LC,18649,21414,1981-01-01,1993-07-26,PITTSTON CO-CONSOLIDATED,PZSM.CM
008617,P,LD,18649,21414,1962-01-31,1980-12-31,PITTSTON CO-CONSOLIDATED,PZSM.CM
008617,C,LD,18649,21414,1950-01-01,1962-01-30,PITTSTON CO-CONSOLIDATED,PZSM.CM
008633,C,LC,80185,30106,1994-01-20,2022-09-30,PLANTRONICS INC,POLY
008655,P,LU,60695,3625,1974-01-31,2007-11-30,POGO PRODUCING CO,PPP.3
008655,C,LU,60695,3625,1974-01-01,1974-01-30,POGO PRODUCING CO,PPP.3
008694,P,LC,23501,21432,1962-01-31,2016-03-23,PEPCO HOLDINGS INC,POM.2
008694,C,LC,23501,21432,1951-01-01,1962-01-30,PEPCO HOLDINGS INC,POM.2
008699,P,LU,63715,3642,1977-01-31,E,POWELL INDUSTRIES INC,POWL
008699,C,LU,63715,3642,1976-11-01,1977-01-30,POWELL INDUSTRIES INC,POWL
008717,P,LC,63830,3499,1973-01-31,2016-01-29,PRECISION CASTPARTS CORP,PCP
008762,P,LU,18163,21446,1962-01-31,E,PROCTER & GAMBLE CO,PG
008762,C,LU,18163,21446,1949-07-01,1962-01-30,PROCTER & GAMBLE CO,PG
008789,C,LC,64486,3684,1972-12-14,2015-02-02,PROTECTIVE LIFE CORP,PL.
008796,P,LC,60442,3685,1972-12-14,1983-01-18,PROVIDENT NATIONAL CORP,PROV.
008807,P,LU,55511,21457,1972-09-08,E,TXNM ENERGY INC,TXNM
008810,P,LU,23712,21458,1962-01-31,E,PUBLIC SERVICE ENTRP GRP INC,PEG
008810,C,LU,23712,21458,1951-01-01,1962-01-30,PUBLIC SERVICE ENTRP GRP INC,PEG
008818,P,LC,25443,21461,1962-01-31,2009-02-06,PUGET ENERGY INC,5495B
008818,C,LC,25443,21461,1955-02-07,1962-01-30,PUGET ENERGY INC,5495B
008823,P,LU,54148,21349,1972-02-07,E,PULTEGROUP INC,PHM
008832,C,LC,64785,5130,1981-09-25,E,ARGAN INC,AGX
008850,P,LU,64929,3741,1972-12-14,E,QUAKER HOUGHTON,KWR
008852,P,LU,24539,21470,1962-01-31,2001-08-02,QUAKER OATS CO,OAT.
008852,C,LU,24539,21470,1951-01-22,1962-01-30,QUAKER OATS CO,OAT.
008858,P,LC,64961,5703,1982-12-01,2023-11-30,NEXTGEN HEALTHCARE INC,NXGN
008859,P,LU,42307,21472,1965-08-02,2008-04-30,QUANEX CORP,NX.1
008867,P,LC,87043,5722,2020-02-03,E,QUANTUM CORP,QMCO
008867,P,LC,87043,5722,1999-08-04,2019-01-14,QUANTUM CORP,QMCO
008873,P,LC,27756,21476,1962-01-31,2016-09-16,QUESTAR CORP,STR.3
008873,C,LC,27756,21476,1962-01-01,1962-01-30,QUESTAR CORP,STR.3
008898,P,LU,69649,6137,1983-07-01,E,RAYMOND JAMES FINANCIAL INC,RJF
008901,P,LU,66683,21482,1984-07-02,E,RPC INC,RES
008902,P,LU,65307,3911,1972-12-14,E,RPM INTERNATIONAL INC,RPM
008935,P,LC,28353,21485,1962-01-10,1993-08-01,RALSTON PURINA-CONSOLIDATED,RACM.CM
008947,P,LU,65700,3772,1972-12-14,E,U S LIME & MINERALS,USLM
008972,P,LU,24942,21492,1962-02-28,2020-04-30,RAYTHEON CO,RTN
008972,C,LU,24942,21492,1952-09-15,1962-02-27,RAYTHEON CO,RTN
008974,P,LC,46228,21493,1989-09-05,2001-01-31,R & B FALCON CORP,FLC.2
008974,C,LC,46228,21493,1989-09-01,1989-09-04,R & B FALCON CORP,FLC.2
008974,P,LC,46228,21493,1968-05-09,1989-08-31,R & B FALCON CORP,FLC.2
009004,P,LC,91380,7662,1985-07-26,2006-01-31,REEBOK INTERNATIONAL LTD,RBK
009016,P,LU,58771,3840,1973-10-16,E,REGAL REXNORD CORP,RRX
009023,C,LC,76711,37472,1992-02-28,E,REGIS CORP/MN,RGS
009023,C,LN,76711,37472,1991-06-21,1992-02-27,REGIS CORP/MN,RGS
009063,N,LX,76282,10594,2000-07-31,2000-07-31,AUTONATION INC,AN
009063,C,LU,76282,10594,1990-05-11,E,AUTONATION INC,AN
009112,P,LC,66799,3835,1972-12-14,2006-10-31,REYNOLDS & REYNOLDS  -CL A,REY
009155,P,LU,46922,21515,1968-10-07,2024-08-31,RITE AID CORP,RADCQ
009173,P,LC,67193,3878,1972-12-14,2013-02-20,ROBBINS & MYERS INC,RBN
009194,P,LC,24379,21520,1962-01-31,2002-06-28,RGS ENERGY GROUP INC,RGS.
009194,C,LC,24379,21520,1951-01-01,1962-01-30,RGS ENERGY GROUP INC,RGS.
009203,P,LC,84381,31847,1996-12-16,E,ROCKWELL AUTOMATION,ROK
009216,P,LU,35991,21526,1966-01-31,E,ROGERS CORP,ROG
009217,P,LC,23990,21527,1962-01-31,2009-04-01,ROHM AND HAAS CO,ROH
009217,C,LC,23990,21527,1950-01-01,1962-01-30,ROHM AND HAAS CO,ROH
009225,P,LU,36003,21530,1962-07-02,E,ROLLINS INC,ROL
009248,P,LU,91556,7684,1985-08-08,E,ROSS STORES INC,ROST
009258,P,LC,45495,21532,1967-12-29,2019-04-30,ROWAN COMPANIES LTD,RDC
009273,N,LX,67847,3914,1999-04-30,E,ROYAL GOLD INC,RGLD
009273,P,LC,67847,3914,1982-01-29,E,ROYAL GOLD INC,RGLD
009284,P,LC,54818,21537,1972-05-24,2014-01-28,HARRIS TEETER SUPERMARKETS,HTSI
009299,P,LU,27633,21541,1962-01-31,E,RYDER SYSTEM INC,R
009302,P,LU,62383,3954,1972-12-14,2015-10-01,RYLAND GROUP INC,RYL
009313,P,LU,68161,4005,1972-12-14,2001-12-31,SCI SYSTEMS INC,SCI.1
009317,P,LU,68196,4040,1981-03-25,E,SEI INVESTMENTS CO,SEIC
009340,P,LC,68340,6463,1983-10-07,2010-09-27,VALEANT PHARMACEUTICALS -OLD,VRX.1
009351,P,LC,59440,3962,1972-12-14,2008-09-22,SAFECO CORP,SAF.3
009359,C,LC,76149,22765,1990-04-26,2015-01-29,SAFEWAY INC,SWY
009372,P,LC,68591,4278,1977-02-09,2017-01-31,ST JUDE MEDICAL INC,STJ
009380,P,LC,59459,4293,1972-12-14,2004-04-01,ST PAUL COS,SPC.2
009411,P,LC,22840,21566,1962-01-31,2014-08-28,HILLSHIRE BRANDS CO,HSH
009411,C,LC,22840,21566,1949-07-01,1962-01-30,HILLSHIRE BRANDS CO,HSH
009445,P,LU,23085,21570,1962-01-31,2019-01-31,SCANA CORP,SCG
009445,C,LU,23085,21570,1951-01-01,1962-01-30,SCANA CORP,SCG
009459,P,LC,25013,21575,1962-01-31,2009-11-30,SCHERING-PLOUGH,SGP.1
009459,C,LC,25013,21575,1953-03-23,1962-01-30,SCHERING-PLOUGH,SGP.1
009466,C,LU,77354,11358,1992-02-25,E,SCHOLASTIC CORP,SCHL
009483,P,LU,45671,21580,1968-01-30,2006-02-28,SCIENTIFIC-ATLANTA INC,SFA.1
009538,P,LU,36281,21587,1962-07-02,E,SEABOARD CORP,SEB
009549,P,LU,62690,21589,1981-02-02,2003-04-30,OCEAN ENERGY INC,OEI.
009551,P,LC,88518,38418,2013-06-12,E,DIGITAL TURBINE INC,APPS
009551,C,LC,88518,38418,2000-08-15,2002-08-25,DIGITAL TURBINE INC,APPS
009555,P,LC,85926,34702,1998-04-08,E,SEALED AIR CORP,SEE
009556,P,LU,55212,21548,1972-08-02,1998-10-06,SPX CORP-OLD,SPW.2
009563,P,LC,14322,21592,1962-01-31,2005-03-24,SEARS ROEBUCK & CO,S.1
009563,C,LC,14322,21592,1950-02-01,1962-01-30,SEARS ROEBUCK & CO,S.1
009599,P,LU,50948,21596,1970-07-27,E,SEMTECH CORP,SMTC
009602,P,LU,70018,4177,1972-12-14,2001-11-30,SENSORMATIC ELECTRONICS,SRM.1
009611,P,LU,51625,21599,1970-12-07,E,SERVICE CORP INTERNATIONAL,SCI
009613,P,LC,71116,4147,1972-12-14,2007-07-24,SERVICEMASTER CO,5946B
009664,P,LC,88742,40213,2000-10-23,E,SHENANDOAH TELECOMMUN CO,SHEN
009667,P,LC,36468,21609,1962-07-02,E,SHERWIN-WILLIAMS CO,SHW
009689,P,LC,67723,21614,1985-04-11,2008-02-25,SIERRA HEALTH SERVICES,SIE
009699,P,LC,70536,4108,1975-08-08,2015-11-17,SIGMA-ALDRICH CORP,SIAL
009719,P,LU,70659,4114,1972-12-14,2005-05-31,SILICONIX INC,SILI
009761,P,LC,38850,21623,1963-01-17,2018-05-31,SKYLINE CORP,SKY.1
009771,P,LC,65402,21625,1989-01-01,E,SMITH (A.O.),AOS
009771,N,LC,65402,21625,1983-09-30,1988-12-31,SMITH (A.O.),AOS
009772,P,LC,45794,21627,1968-02-26,2010-08-27,SMITH INTERNATIONAL INC,SII.1
009774,C,LC,70923,4062,1972-12-14,2013-09-26,SMITHFIELD FOODS INC -OLD,0173A
009777,P,LC,42585,21629,1965-10-20,E,SMUCKER (JM) CO,SJM
009778,P,LU,60206,4162,1972-12-14,E,SNAP-ON INC,SNA
009783,C,LC,64995,2535,1994-03-02,E,KEYCORP,KEY
009815,P,LU,71176,4196,1972-12-14,E,SONOCO PRODUCTS CO,SON
009831,P,LC,26614,21637,1970-04-20,2023-02-28,SOUTH JERSEY INDUSTRIES INC,SJI
009846,P,LU,15720,21543,1962-01-31,E,EDISON INTERNATIONAL,EIX
009846,C,LU,15720,21543,1951-01-01,1962-01-30,EDISON INTERNATIONAL,EIX
009849,P,LU,71475,4350,1975-01-31,E,AMERICAN STATES WATER CO,AWR
009849,C,LU,71475,4350,1974-01-01,1975-01-30,AMERICAN STATES WATER CO,AWR
009850,P,LC,18411,21640,1962-01-31,E,SOUTHERN CO,SO
009850,C,LC,18411,21640,1951-01-01,1962-01-30,SOUTHERN CO,SO
009867,P,LC,76091,26033,1990-02-08,2012-03-26,SOUTHERN UNION CO,SUG
009872,C,LC,77015,25434,1991-03-26,2005-11-09,7-ELEVEN INC,SE.3
009880,P,LC,71686,3987,1978-01-31,2004-10-29,SOUTHTRUST CORP,SOTR
009880,C,LC,71686,3987,1978-01-01,1978-01-30,SOUTHTRUST CORP,SOTR
009882,P,LU,58683,4181,1972-12-14,E,SOUTHWEST AIRLINES,LUV
009890,P,LU,61188,4342,1972-12-14,E,SOUTHWEST GAS HOLDINGS INC,SWX
009899,P,LC,66093,21645,1984-02-16,E,AT&T INC,T
009904,P,LU,63765,4338,1973-01-31,E,SOUTHWESTERN ENERGY CO,SWN
009904,C,LU,63765,4338,1973-01-01,1973-01-30,SOUTHWESTERN ENERGY CO,SWN
009969,C,LU,72304,6144,1984-01-31,E,STAAR SURGICAL CO,STAA
009969,C,LU,72304,6144,1984-01-01,1984-01-30,STAAR SURGICAL CO,STAA
010002,P,LC,72696,21659,1987-01-30,2018-02-28,CALATLANTIC GROUP INC,CAA
010016,P,LC,43350,21664,1966-06-15,E,STANLEY BLACK & DECKER INC,SWK
010035,C,LU,72726,4260,1972-12-14,E,STATE STREET CORP,STT
010056,P,LU,36898,21669,1966-01-31,E,STEPAN CO,SCL
010097,P,LU,58464,4254,1972-12-14,2005-08-31,STORAGE TECHNOLOGY CP,STK.1
010115,P,LU,73139,4298,1979-05-02,E,STRYKER CORP,SYK
010121,P,LC,66325,6412,1992-07-24,2014-04-30,NAVIENT CORP,NAVI
010121,J,LC,66325,6412,1992-07-01,1992-07-23,NAVIENT CORP,NAVI
010121,P,LC,66325,6412,1983-10-31,1992-06-30,NAVIENT CORP,NAVI
010121,J,LC,66325,6412,1983-10-01,1983-10-30,NAVIENT CORP,NAVI
010121,P,LC,66325,6412,1983-09-23,1983-09-30,NAVIENT CORP,NAVI
010121,P,LC,14601,54824,2014-05-01,E,NAVIENT CORP,NAVI
010156,P,LU,14656,21686,1962-01-31,E,SUNOCO INC,SUN.1
010156,C,LU,14656,21686,1950-01-01,1962-01-30,SUNOCO INC,SUN.1
010187,P,LC,68144,21691,1985-07-01,2019-12-31,SUNTRUST BANKS INC,STI.1
010190,P,LC,44951,21692,1967-09-13,2018-10-31,SUPERVALU INC,SVU
010195,C,LU,52396,21693,1971-05-04,E,SUPERIOR INDUSTRIES INTL,SSUP
010221,P,LC,66739,4340,2017-05-05,2024-07-31,SILVERBOW RESOURCES INC,SBOW
010221,P,LC,66739,4340,1981-07-24,2015-12-18,SILVERBOW RESOURCES INC,SBOW
010232,P,LU,73940,4148,1979-06-04,2007-01-31,SYMBOL TECHNOLOGIES,SBL.2
010238,P,LC,58625,3288,1980-11-28,2002-12-31,SYNCOR INTL CORP/DE,SCOR.1
010247,P,LU,52038,21698,1971-02-26,E,SYSCO CORP,SYY
010277,P,LC,37161,21700,1962-07-02,2016-06-30,TECO ENERGY INC,TE.1
010301,P,LU,18681,21705,1962-01-31,2002-12-31,TRW INC,TRW.1
010301,C,LU,18681,21705,1950-01-01,1962-01-30,TRW INC,TRW.1
010332,P,LU,15560,21711,1965-01-29,2015-10-08,RS LEGACY CORP,RSHCQ
010332,C,LU,15560,21711,1959-07-01,1965-01-28,RS LEGACY CORP,RSHCQ
010374,C,LC,44513,21717,1968-01-31,2014-10-16,PULSE ELECTRONICS CORP,PULS.1
010374,C,LC,44513,21717,1967-06-01,1968-01-30,PULSE ELECTRONICS CORP,PULS.1
010391,P,LU,40061,21719,1964-01-10,2007-11-30,TEKTRONIX INC,TEK.1
010405,P,LU,43123,21722,1966-05-02,E,ATI INC -NEW,ATI
010407,P,LU,44329,21723,1967-04-24,E,TELEFLEX INC,TFX
010411,J,LC,90655,5230,2005-05-16,2012-01-31,TELEPHONE & DATA SYSTEMS INC,TDS
010411,P,LC,63773,5230,1981-12-15,E,TELEPHONE & DATA SYSTEMS INC,TDS
010420,P,LC,75257,4467,1980-07-15,2013-12-31,TELLABS INC,TLAB
010426,P,LC,66114,21726,1984-01-27,2012-02-29,TEMPLE-INLAND INC,TIN
010443,P,LC,84375,31841,1996-12-12,2022-11-30,TENNECO INC,TEN.2
010453,P,LC,51369,21731,1970-10-19,E,TERADYNE INC,TER
010466,P,LC,37284,21732,1966-01-31,2018-09-28,ANDEAVOR,ANDV
010466,C,LC,37284,21732,1965-10-01,1966-01-30,ANDEAVOR,ANDV
010482,P,LU,14736,21734,1962-01-31,2001-10-31,TEXACO INC,TX.2
010482,C,LU,14736,21734,1950-01-01,1962-01-30,TEXACO INC,TX.2
010484,C,LC,79641,23504,1993-09-02,2010-09-30,UNITED AIRLINES INC,UAL2
010498,P,LC,40694,21736,1964-06-03,2014-07-01,TEXAS INDUSTRIES INC,TXI
010499,P,LC,15579,21737,1962-02-28,E,TEXAS INSTRUMENTS INC,TXN
010499,C,LC,15579,21737,1953-01-01,1962-02-27,TEXAS INSTRUMENTS INC,TXN
010504,P,LC,20391,57695,2021-01-09,E,TEXAS PACIFIC LAND CORP,TPL
010507,P,LU,24563,21740,1962-01-31,2007-10-31,ENERGY FUTURE HOLDINGS CORP,0033A
010507,C,LU,24563,21740,1951-02-13,1962-01-30,ENERGY FUTURE HOLDINGS CORP,0033A
010519,P,LC,23579,21743,1962-01-31,E,TEXTRON INC,TXT
010519,C,LC,23579,21743,1950-01-01,1962-01-30,TEXTRON INC,TXT
010530,P,LC,62092,4557,1972-12-14,E,THERMO FISHER SCIENTIFIC INC,TMO
010540,P,LU,38578,21745,1962-09-27,2012-05-31,THOMAS & BETTS CORP,TNB
010549,P,LU,76081,6765,1984-01-10,E,THOR INDUSTRIES INC,THO
010550,C,LU,76100,4587,1981-05-14,2015-10-30,THORATEC CORP,THOR.1
010553,P,LC,76129,6934,1984-03-21,2010-04-09,3COM CORP,COMS.
010565,P,LC,50606,21752,2017-08-01,E,TIDEWATER INC,TDW
010565,P,LC,50606,21752,1970-05-19,2017-07-31,TIDEWATER INC,TDW
010567,P,LC,93423,53440,2010-06-21,E,SIX FLAGS ENTERTAINMENT -OLD,SIX
010567,C,LC,76209,4450,1996-05-30,2009-04-17,SIX FLAGS ENTERTAINMENT -OLD,SIX
010567,C,LC,76209,4450,1979-01-31,1990-10-08,SIX FLAGS ENTERTAINMENT -OLD,SIX
010567,C,LC,76209,4450,1977-10-28,1979-01-30,SIX FLAGS ENTERTAINMENT -OLD,SIX
010581,P,LC,14795,21758,1962-01-31,E,TIMKEN CO,TKR
010581,C,LC,14795,21758,1950-01-01,1962-01-30,TIMKEN CO,TKR
010588,C,LC,48696,21759,2005-07-30,2005-08-31,TITAN CORP,TTN
010588,P,LU,48696,21759,1969-07-14,2005-07-29,TITAN CORP,TTN
010609,P,LC,14816,21763,1962-01-31,E,TOOTSIE ROLL INDUSTRIES INC,TR
010609,C,LC,14816,21763,1950-01-01,1962-01-30,TOOTSIE ROLL INDUSTRIES INC,TR
010614,P,LC,62308,21764,1972-12-14,E,GLOBE LIFE INC,GL
010618,P,LU,60580,4516,1972-12-14,E,TORO CO,TTC
010621,P,LU,61663,4517,1972-12-14,2001-09-28,TOSCO CORP,TOS.1
010631,P,LU,76639,6278,1983-08-10,2019-09-30,TOTAL SYSTEM SERVICES INC,TSS
010639,P,LC,61065,4522,1978-04-10,2005-07-29,TOYS R US INC,1231B
010726,P,LC,65787,21782,1983-10-12,2007-12-20,TRIBUNE MEDIA CO,TRCO
010726,P,LC,15117,21782,2014-12-05,2019-09-30,TRIBUNE MEDIA CO,TRCO
010735,P,LU,55001,21783,1972-06-28,E,TRINITY INDUSTRIES INC,TRN
010757,P,LC,48389,21786,1969-05-21,2014-08-15,UNS ENERGY CORP,UNS
010789,P,LC,76185,26080,1990-05-22,E,TYLER TECHNOLOGIES INC,TYL
010793,P,LC,77730,4620,1972-12-14,E,TYSON FOODS INC  -CL A,TSN
010795,P,LC,91103,21793,2006-02-02,E,UNITED AIRLINES HOLDINGS INC,UAL
010795,P,LC,19596,21793,1962-01-31,2003-04-02,UNITED AIRLINES HOLDINGS INC,UAL
010795,C,LC,19596,21793,1950-01-01,1962-01-30,UNITED AIRLINES HOLDINGS INC,UAL
010801,P,LU,17929,21794,1962-01-31,E,UGI CORP,UGI
010801,C,LU,17929,21794,1951-01-01,1962-01-30,UGI CORP,UGI
010813,P,LC,50278,21749,1970-03-16,2014-10-16,URS CORP,URS
010816,P,LU,79244,21800,1993-05-21,2019-04-30,USG CORP,USG.1
010840,P,LU,65306,6051,1983-06-07,E,UNIFIRST CORP,UNF
010857,P,LU,15659,21806,1962-01-31,2001-02-06,UNION CARBIDE CORP,DOW2
010857,C,LU,15659,21806,1950-01-01,1962-01-30,UNION CARBIDE CORP,DOW2
010860,P,LU,24985,21808,1962-01-31,E,AMEREN CORP,AEE
010860,C,LU,24985,21808,1952-12-15,1962-01-30,AMEREN CORP,AEE
010867,P,LU,48725,21810,1969-07-16,E,UNION PACIFIC CORP,UNP
010868,C,LU,78263,4703,1972-12-14,2004-07-30,UNION PLANTERS CORP,UPC.
010877,P,LC,63781,4691,1979-04-06,2020-05-22,UNIT CORP,UNTC
010903,P,LC,92655,7267,1984-10-17,E,UNITEDHEALTH GROUP INC,UNH
010905,P,LC,53663,21819,1971-12-06,2015-12-16,UIL HOLDINGS CORP,UIL
010909,P,LU,51588,21822,1970-11-23,2001-02-28,SUMMIT BANCORP,SUB.2
010916,P,LU,78829,4673,1974-01-31,E,UMB FINANCIAL CORP,UMBF
010916,C,LU,78829,4673,1974-01-01,1974-01-30,UMB FINANCIAL CORP,UMBF
010920,P,LC,87447,36383,1999-11-10,E,UNITED PARCEL SERVICE INC,UPS
010946,P,LC,28847,21827,1965-09-30,2002-08-09,US AIRWAYS GROUP INC-OLD,3UAIRQ
010946,C,LC,28847,21827,1962-07-02,1965-09-29,US AIRWAYS GROUP INC-OLD,3UAIRQ
010970,P,LC,15069,21795,1962-01-31,1991-04-11,USX CORP-CONSOLIDATED,MROX.CM
010970,C,LC,15069,21795,1950-01-01,1962-01-30,USX CORP-CONSOLIDATED,MROX.CM
010974,P,LC,15077,21796,1962-01-31,2009-01-05,UST INC,UST.1
010974,C,LC,15077,21796,1950-01-01,1962-01-30,UST INC,UST.1
010981,C,LC,79303,5203,1981-11-24,2019-01-31,ESSENDANT INC,ESND
010983,P,LC,17830,21832,1962-01-31,E,RTX CORP,RTX
010983,C,LC,17830,21832,1950-01-01,1962-01-30,RTX CORP,RTX
010984,C,LC,39087,21833,2013-07-01,2013-07-10,SPRINT CORP,S.4
010984,P,LC,39087,21833,1963-04-10,2013-06-30,SPRINT CORP,S.4
010984,P,LC,14040,54473,2013-07-12,2020-03-31,SPRINT CORP,S.4
010991,P,LC,79338,7195,1984-08-23,2025-11-12,LIGHT & WONDER INC,LNWO
011012,P,LU,59619,4684,1972-12-14,E,SENSIENT TECHNOLOGIES CORP,SXT
011017,P,LU,16555,21838,1962-01-31,E,UNIVERSAL CORP/VA,UVV
011017,C,LU,16555,21838,1949-07-01,1962-01-30,UNIVERSAL CORP/VA,UVV
011032,P,LU,79637,4655,1981-07-09,E,UNIVERSAL HEALTH SVCS INC,UHS
011038,P,LC,14891,21842,1962-01-31,2005-08-10,UNOCAL CORP,UCL.1
011038,C,LC,14891,21842,1950-01-01,1962-01-30,UNOCAL CORP,UCL.1
011056,J,LX,26606,21848,1999-10-29,2002-12-31,AQUILA INC,ILA
011056,P,LC,26606,21848,1962-01-31,2008-07-14,AQUILA INC,ILA
011060,P,LC,43553,21849,1966-07-25,E,VF CORP,VFC
011065,P,LU,79864,5653,1977-12-30,E,VSE CORP,VSEC
011065,C,LU,79864,5653,1974-01-01,1977-12-29,VSE CORP,VSEC
011094,P,LU,80128,4761,1972-12-14,E,VALMONT INDUSTRIES INC,VMI
011096,P,LC,37807,21856,1963-12-31,2017-05-31,VALSPAR CORP,VAL.1
011115,P,LU,27043,21859,1962-01-31,2021-04-30,VARIAN MEDICAL SYSTEMS INC,VAR
011124,C,LC,81116,13447,1994-11-29,E,VEECO INSTRUMENTS INC,VECO
011135,P,LU,80515,6287,1983-08-15,2003-02-28,RATIONAL SOFTWARE CORP,RATL
011191,P,LC,57808,21869,1973-03-06,E,VISHAY INTERTECHNOLOGY INC,VSH
011228,P,LC,15202,21876,1962-01-31,E,VULCAN MATERIALS CO,VMC
011228,C,LC,15202,21876,1960-01-01,1962-01-30,VULCAN MATERIALS CO,VMC
011234,P,LU,81294,4881,1973-01-23,E,WD-40 CO,WDFC
011247,P,LU,50200,25115,1970-03-02,2001-09-28,WACHOVIA CORP-OLD,WB.1
011257,P,LC,56063,21879,1972-12-07,2011-06-30,FRONTIER OIL CORP,FTO
011259,P,LU,55976,21880,1972-11-20,E,WALMART INC,WMT
011264,P,LU,19502,21881,1962-01-31,2025-08-29,WALGREENS BOOTS ALLIANCE INC,WBA
011264,C,LU,19502,21881,1949-10-01,1962-01-30,WALGREENS BOOTS ALLIANCE INC,WBA
011271,P,LU,51932,21882,1971-02-02,2003-05-30,WALLACE COMPUTER SVCS INC,WCS.
011296,P,LU,21231,21887,1962-01-31,2018-07-06,WGL HOLDINGS INC,WGL
011296,C,LU,21231,21887,1951-01-01,1962-01-30,WGL HOLDINGS INC,WGL
011300,P,LU,53225,21888,1971-09-15,E,GRAHAM HOLDINGS CO,GHC
011304,P,LU,24969,21890,1962-01-31,E,AVISTA CORP,AVA
011304,C,LU,24969,21890,1952-09-24,1962-01-30,AVISTA CORP,AVA
011313,P,LU,66376,21893,1993-09-01,E,WATSCO INC,WSO
011313,N,LU,66376,21893,1984-06-18,1993-08-31,WATSCO INC,WSO
011343,P,LU,42059,21900,1965-06-04,E,WEIS MARKETS INC,WMK
011366,P,LC,63060,4961,1976-06-09,2008-09-29,WENDY'S INTERNATIONAL INC,WEN.2
011371,P,LC,38906,21904,1968-01-31,2011-06-30,WESCO FINANCIAL CORP,WSC.2
011371,C,LC,38906,21904,1968-01-01,1968-01-30,WESCO FINANCIAL CORP,WSC.2
011376,P,LU,62498,4998,1972-12-14,E,WEST PHARMACEUTICAL SVSC INC,WST
011399,P,LC,66384,4879,1978-11-30,E,WESTERN DIGITAL CORP,WDC
011399,C,LC,66384,4879,1977-07-01,1978-11-29,WESTERN DIGITAL CORP,WDC
011446,P,LC,21186,21913,1962-01-31,2015-07-01,MEADWESTVACO CORP,MWV
011446,C,LC,21186,21913,1949-11-01,1962-01-30,MEADWESTVACO CORP,MWV
011450,P,LC,82668,6999,2009-11-20,2011-10-23,WESTWOOD ONE INC  -OLD,WWON
011450,P,LC,82668,6999,1984-04-24,2008-11-20,WESTWOOD ONE INC  -OLD,WWON
011456,P,LC,39917,21914,1963-12-06,E,WEYERHAEUSER CO,WY
011465,P,LC,25419,21916,1962-01-31,E,WHIRLPOOL CORP,WHR
011465,C,LC,25419,21916,1956-01-01,1962-01-30,WHIRLPOOL CORP,WHR
011482,C,LC,77053,26508,1991-10-15,2011-06-06,WHITNEY HOLDING CORP,WTNY
011499,P,LU,82924,4922,1982-09-28,E,WILEY (JOHN) & SONS  -CL A,WLY
011502,P,LU,82959,4957,1972-12-14,2002-03-28,WILLAMETTE INDUSTRIES,WLL.1
011506,C,LU,38156,21923,1962-07-02,E,WILLIAMS COS INC,WMB
011509,P,LC,64135,4919,1981-02-26,2013-10-17,WMS INDUSTRIES INC,WMS.1
011511,P,LU,83011,6149,1983-07-07,E,WILLIAMS-SONOMA INC,WSM
011513,P,LC,83030,4923,1982-01-29,2011-05-13,WILMINGTON TRUST CORP,WL
011513,C,LC,83030,4923,1982-01-01,1982-01-28,WILMINGTON TRUST CORP,WL
011535,P,LC,24803,21926,1962-01-31,2005-02-18,WINN-DIXIE STORES INC,WINN.1
011535,C,LC,24803,21926,1952-02-18,1962-01-30,WINN-DIXIE STORES INC,WINN.1
011550,P,LC,23536,21931,1962-01-31,E,WEC ENERGY GROUP INC,WEC
011554,P,LC,58819,4980,1972-12-14,E,ALLIANT ENERGY CORP,LNT
011555,P,LC,25099,21932,1962-01-31,2015-06-30,INTEGRYS HOLDING INC,WEC3
011566,P,LU,42286,21935,1965-07-20,E,WOLVERINE WORLD WIDE,WWW
011580,P,LU,84403,27497,1997-01-14,E,WOODWARD INC,WWD
011584,N,LX,15456,21936,1998-04-30,2025-09-30,FOOT LOCKER INC,FL
011584,P,LU,15456,21936,1962-01-31,2025-09-30,FOOT LOCKER INC,FL
011584,C,LU,15456,21936,1950-01-01,1962-01-30,FOOT LOCKER INC,FL
011600,P,LU,83601,5009,1972-12-14,E,WORTHINGTON ENTERPRISES INC,WOR
011609,P,LC,15472,21941,1962-01-31,2008-10-06,WRIGLEY (WM) JR CO,WWY
011609,C,LC,15472,21941,1950-01-01,1962-01-30,WRIGLEY (WM) JR CO,WWY
011636,P,LC,27983,21945,1962-01-31,E,XEROX HOLDINGS CORP,XRX
011644,C,LC,63079,5036,2016-12-16,2019-11-27,KEY ENERGY SERVICES INC,KEGX
011644,P,LC,63079,5036,1980-10-16,2016-07-27,KEY ENERGY SERVICES INC,KEGX
011649,P,LC,59483,5037,1972-12-14,2023-08-15,YELLOW CORP,YELLQ
011669,C,LC,79672,12317,1993-08-31,2014-04-30,ZALE CORP,ZLC
011670,P,LC,38295,21948,1966-01-31,E,SPECTRUM BRND HLDG INC,SPB
011670,C,LC,38295,21948,1962-07-02,1966-01-30,SPECTRUM BRND HLDG INC,SPB
011672,P,LU,40539,21949,1964-05-12,E,TJX COS INC (THE),TJX
011687,P,LC,84129,5057,1974-01-01,E,ZIONS BANCORPORATION NA,ZION
011721,P,LC,90756,7765,1985-10-02,E,OSHKOSH CORP,OSK
011745,P,LC,13600,54195,2012-09-28,E,QUALYS INC,QLYS
011770,P,LC,72996,6185,1983-07-19,E,STIFEL FINANCIAL CORP,SF
011781,N,LX,89134,42001,2001-10-03,E,OVINTIV INC,OVV
011781,P,LC,89134,42001,2001-10-03,E,OVINTIV INC,OVV
011796,P,LC,87426,7557,1985-05-23,E,LCI INDUSTRIES,LCII
011811,P,LU,88664,7864,1985-11-20,E,HENRY (JACK) & ASSOCIATES,JKHY
011814,P,LC,87055,7882,1985-11-27,1993-10-21,COSTCO WHOLESALE CORPORATION,COST.1
011818,P,LC,68304,20282,1985-10-29,2008-05-30,BEAR STEARNS COMPANIES INC,BSC.1
011831,P,LC,88031,7902,1985-12-06,1990-11-07,CONTINENTAL VENTURES INC,COVI.
011842,P,LC,15318,362,1982-01-29,E,ASSOCIATED BANC-CORP,ASB
011856,P,LC,71563,4163,1982-01-29,E,TRUIST FINANCIAL CORP,TFC
011856,C,LC,71563,4163,1982-01-01,1982-01-28,TRUIST FINANCIAL CORP,TFC
011861,P,LC,80072,4818,1982-01-29,E,VALLEY NATIONAL BANCORP,VLY
011896,P,LC,35917,5908,1983-12-30,2022-02-28,FIRST MIDWEST BANCORP INC,FMBI
011910,P,LC,90609,7383,1985-01-17,2011-04-27,NOVELL INC,NOVL
011914,P,LU,88867,7936,1985-12-19,2011-08-31,IMMUCOR INC,BLUD1
011923,P,LU,70332,20194,1986-10-02,2019-08-30,ANADARKO PETROLEUM CORP,APC.1
011925,P,LC,90537,7752,1985-09-23,2020-07-30,NOBLE CORP PLC,NE
011944,C,LC,86866,8037,2021-06-01,2022-12-30,TUESDAY MORNING CORP,TUEMQ
011944,C,LC,86866,8037,2021-05-25,2021-05-31,TUESDAY MORNING CORP,TUEMQ
011944,P,LC,86866,8037,1999-04-22,2020-06-07,TUESDAY MORNING CORP,TUEMQ
012053,P,LC,10147,8093,1986-04-04,2016-09-06,EMC CORP/MA,EMC.2
012075,P,LC,38149,297,1983-12-30,2014-11-21,BALLY TECHNOLOGIES INC,BYI
012123,P,LU,67467,20505,1985-06-20,E,BIG LOTS INC,BIGGQ
012124,P,LC,69032,21224,1986-03-21,E,MORGAN STANLEY,MS
012126,P,LU,90879,7558,1999-06-01,2005-12-30,PACIFICARE HEALTH SYSTEMS,PHS
012126,J,LU,90879,7558,1994-12-01,1999-05-31,PACIFICARE HEALTH SYSTEMS,PHS
012126,P,LU,90879,7558,1985-06-28,1994-11-30,PACIFICARE HEALTH SYSTEMS,PHS
012136,P,LC,10078,8021,1986-03-04,2010-01-29,SUN MICROSYSTEMS INC,JAVA.1
012138,P,LU,10138,8087,1986-04-02,E,PRICE (T. ROWE) GROUP,TROW
012141,P,LC,10107,8048,1986-03-13,E,MICROSOFT CORP,MSFT
012142,P,LC,10104,8045,1986-03-12,E,ORACLE CORP,ORCL
012144,P,LU,10108,8049,1986-03-13,2005-08-31,SUNGARD DATA SYSTEMS INC,0139A
012151,P,LC,13983,54444,2013-06-13,E,COTY INC,COTY
012171,P,LU,10182,8125,1986-04-23,2020-06-30,TECH DATA CORP,TECD
012180,P,LC,10143,8092,1986-04-03,2010-06-08,OSI PHARMACEUTICALS INC,OSIP
012181,P,LU,10200,8135,1986-04-29,E,REPLIGEN CORP,RGEN
012206,P,LC,89954,44708,2003-12-23,2015-07-24,DIRECTV,DTV.2
012212,P,LU,10272,8198,1986-05-16,2012-01-31,TEKELEC,TKLC
012215,P,LU,10302,8222,1986-05-29,2020-04-30,CYPRESS SEMICONDUCTOR CORP,CY
012216,P,LU,10299,8220,1986-05-28,2017-03-31,LINEAR TECHNOLOGY CORP,LLTC
012233,P,LC,10324,8243,1986-06-05,2011-04-29,GENZYME CORP,GENZ.1
012234,P,LU,10259,8187,1986-05-15,2020-08-31,SIGMA DESIGNS INC,SIGM
012256,P,LC,10353,8275,2015-07-07,2017-02-28,STEEL EXCEL INC,SXCL
012256,P,LC,10353,8275,1986-06-11,2010-08-04,STEEL EXCEL INC,SXCL
012266,P,LU,10397,8317,1986-06-20,E,WERNER ENTERPRISES INC,WERN
012317,P,LU,86018,27706,1998-05-01,2001-10-31,HELLER FINANCIAL INC,HF.2
012338,P,LC,76565,10828,1991-02-06,2014-01-24,HEALTH MANAGEMENT ASSOC,HMA.2
012352,C,LU,85620,32157,1997-11-13,2005-04-29,METRO GOLDWYN MAYER INC,MGM.2
012381,P,LC,10258,8186,1986-05-15,2008-03-09,AVANT IMMUNOTHERAPEUTICS-OLD,AVAN.1
012389,P,LU,70033,20881,1986-07-08,E,HARLEY-DAVIDSON INC,HOG
012392,P,LU,10421,8340,1986-06-26,E,SKYWEST INC,SKYW
012395,P,LU,70228,8372,1986-07-08,E,TOLL BROTHERS INC,TOL
012403,P,LU,77420,11413,1992-03-19,2020-06-30,FREDS INC,FREDQ
012428,P,LC,91204,21430,2006-04-10,E,PORTLAND GENERAL ELECTRIC CO,POR
012433,P,LU,10530,8441,1986-07-29,2023-02-28,MERIDIAN BIOSCIENCE INC,VIVO.1
012434,P,LC,89700,8442,2003-03-07,2008-03-14,METAL MANAGEMENT INC,MM.1
012441,P,LC,79698,12457,2003-10-01,E,GARTNER INC,IT
012441,N,LC,79698,12457,1999-07-27,2003-09-30,GARTNER INC,IT
012441,C,LC,79698,12457,1999-07-01,1999-07-26,GARTNER INC,IT
012441,C,LC,79698,12457,1993-10-05,1999-06-30,GARTNER INC,IT
012445,P,LU,10606,8508,1986-08-21,E,WATTS WATER TECHNOLOGIES INC,WTS
012459,P,LC,79785,21242,1993-11-18,E,NVR INC,NVR
012471,P,LU,75070,8526,1986-08-28,E,WORLD KINECT CORP,WKC
012484,C,LU,10564,8473,1986-08-12,2002-05-31,ADELPHIA COMMUN  -CL A,ADELQ
012485,P,LC,68857,20373,1986-01-17,2016-06-21,OPTIMUM COMMUNICATIONS INC,OPTU
012485,P,LC,16753,55965,2017-06-22,E,OPTIMUM COMMUNICATIONS INC,OPTU
012540,P,LC,75510,8476,1986-08-13,E,ADOBE INC,ADBE
012544,P,LU,76123,26048,1990-03-23,E,ST JOE CO,JOE
012545,P,LC,79903,30030,2021-12-01,E,HARTE HANKS INC,HHS
012545,P,LC,79903,30030,1993-11-04,2020-07-10,HARTE HANKS INC,HHS
012578,P,LC,45225,21854,1984-01-31,E,VALHI INC,VHI
012587,P,LC,10691,8594,1986-09-24,2005-04-29,ASCENTIAL SOFTWARE CORP,ASCL
012589,P,LC,10693,8596,1986-09-24,E,ENCOMPASS HEALTH CORP,EHC
012603,P,LC,89841,7850,2003-09-12,E,CNO FINANCIAL GROUP INC,CNO
012603,P,LC,86976,7850,1985-12-31,2002-08-08,CNO FINANCIAL GROUP INC,CNO
012612,P,LD,22859,20549,1962-01-31,1986-01-31,DAYTON POWER & LIGHT INC,0191A
012612,C,LD,22859,20549,1951-01-01,1962-01-30,DAYTON POWER & LIGHT INC,0191A
012615,C,LC,79909,30036,1993-11-03,E,M/I HOMES INC,MHO
012631,P,LU,75232,8625,1986-10-03,2002-06-28,LANDS END INC -OLD,LE.2
012635,P,LC,10696,8598,1986-09-25,E,FISERV INC,FISV
012689,P,LU,70092,21037,1986-08-01,E,KB HOME,KBH
012726,P,LU,71175,21798,1986-12-31,E,UNUM GROUP,UNM
012756,P,LC,70500,20469,1986-11-21,2016-05-30,COCA-COLA EUROPACIFIC PARTNE,CCEP
012785,P,LC,93179,53305,2009-12-29,E,PILGRIM'S PRIDE CORP,PPC
012785,P,LC,70965,21407,1986-11-14,2008-12-01,PILGRIM'S PRIDE CORP,PPC
012788,P,LU,75224,8741,1986-11-14,2017-03-31,HARMAN INTERNATIONAL INDS,HAR
012796,P,LC,35124,1629,1980-01-31,2021-06-30,CORELOGIC INC,CLGX
012796,C,LC,35124,1629,1980-01-01,1980-01-30,CORELOGIC INC,CLGX
012825,P,LU,10026,7976,1986-02-04,E,J & J SNACK FOODS CORP,JJSF
012840,P,LU,10812,8702,1986-11-05,E,HEARTLAND EXPRESS INC,HTLD
012850,P,LU,10909,8786,1987-01-30,2022-06-30,CERNER CORP,CERN
012868,P,LU,75527,8820,1986-12-16,2016-02-29,QUIKSILVER INC,ZQKSQ
012884,P,LC,10942,8818,2011-09-23,E,COMVERSE TECHNOLOGY INC,CMVT
012884,P,LC,10942,8818,1986-12-15,2007-01-31,COMVERSE TECHNOLOGY INC,CMVT
012886,P,LC,90441,21287,2004-12-01,E,TWENTY-FIRST CENTURY FOX INC,TFCFA
012886,J,LC,90441,21287,2004-11-12,2004-11-30,TWENTY-FIRST CENTURY FOX INC,TFCFA
012895,P,LU,75222,8840,1986-12-17,2016-08-31,AXIALL CORP,AXLL
012909,P,LU,10933,8811,1986-12-12,E,MARKEL GROUP INC,MKL
012945,P,LU,10032,7980,1986-02-05,E,PLEXUS CORP,PLXS
012950,P,LU,70308,20033,1986-12-19,2016-05-20,AIRGAS INC,ARG
012978,P,LC,13598,54193,2012-10-01,2015-07-02,KRAFT FOODS GROUP INC,KRFT
013003,P,LC,89105,41977,2001-08-01,2017-04-28,JOY GLOBAL INC,JOY
013032,P,LC,75215,8920,1987-01-29,2016-09-01,CASH AMERICA INTL INC,CSH.1
013041,P,LC,20053,781,1981-01-01,2026-01-30,SYNOVUS FINANCIAL CORP,SNV
013054,P,LU,56275,3143,1982-01-29,2004-09-30,NATIONAL COMMERCE FINANCIAL,NCF
013054,C,LU,56275,3143,1982-01-01,1982-01-28,NATIONAL COMMERCE FINANCIAL,NCF
013071,P,LC,76672,27836,2007-02-14,E,RADNET INC,RDNT
013071,P,LC,76672,27836,1991-02-26,1995-04-12,RADNET INC,RDNT
013075,P,LU,64515,3658,1982-01-29,2004-07-30,PROVIDENT FINANCIAL GRP INC,PFGI.
013092,C,LC,77453,25865,1992-03-05,E,JACK IN THE BOX INC,JACK
013114,P,LU,71909,20701,1987-02-25,2006-11-30,FIDELITY NATIONAL FINL INC,FNF.1
013135,C,LC,77081,29124,1991-10-01,2005-12-09,YORK INTERNATIONAL CORP,YRK
013166,P,LC,67862,20528,1986-01-31,2008-07-14,INDYMAC BANCORP INC,IDMCQ
013166,C,LC,67862,20528,1986-01-01,1986-01-30,INDYMAC BANCORP INC,IDMCQ
013204,C,LC,77150,29360,1991-12-18,2006-11-09,FISHER SCIENTIFIC INTL INC,FSH.2
013227,C,LC,80037,12654,1993-12-09,2007-08-17,LAUREATE EDUCATION INC  -OLD,LAUR.2
013323,P,LU,11343,9188,1987-05-19,2022-07-29,SANDERSON FARMS INC,SAFM
013328,P,LC,71685,20431,1987-02-06,2010-10-07,C&D TECHNOLOGIES INC,CHHP.1
013341,P,LU,64390,3682,1979-01-31,E,PROGRESSIVE CORP-OHIO,PGR
013341,C,LU,64390,3682,1979-01-01,1979-01-30,PROGRESSIVE CORP-OHIO,PGR
013342,P,LU,65294,3860,1977-01-31,E,RLI CORP,RLI
013342,C,LU,65294,3860,1977-01-01,1977-01-30,RLI CORP,RLI
013353,C,LD,23536,21931,1987-01-01,2020-12-31,WISCONSIN ELECTRIC POWER CO,WEC2
013353,P,LD,23536,21931,1962-01-31,1986-12-31,WISCONSIN ELECTRIC POWER CO,WEC2
013365,P,LC,11415,9252,1987-06-12,2008-12-22,BARR PHARMACEUTICALS INC,BRL
013380,P,LC,11382,9225,1987-06-03,2013-11-04,SAKS INC,SKS
013397,P,LU,11371,9216,1987-05-29,2005-01-31,FIRST HEALTH GROUP CORP,FHCC
013406,P,LC,11378,9221,1987-06-02,2018-03-08,CALGON CARBON CORP,CCC.1
013421,P,LU,11403,9245,1987-06-10,E,CADENCE DESIGN SYSTEMS INC,CDNS
013431,P,LC,11478,9309,1987-07-01,2013-12-16,BERRY CORP,BRY
013440,P,LC,85991,16033,1998-04-01,2017-10-31,LEVEL 3 COMMUNICATIONS INC,LVLT
013480,P,LC,11481,9312,1987-07-01,2023-12-27,EBIX INC,EBIXQ
013540,P,LC,13627,54212,2012-10-26,2017-04-28,WHITEWAVE FOODS CO,WWAV
013554,P,LC,75101,21755,1987-06-30,2011-09-30,TIMBERLAND CO  -CL A,TBL
013561,P,LU,75175,21128,1987-07-01,E,MBIA INC,MBI
013570,P,LU,75470,9375,1987-08-31,E,MIDDLEBY CORP,MIDD
013597,P,LC,84073,5058,1977-01-31,2010-05-20,ZENITH NATIONAL INSURANCE CP,ZNT
013597,C,LC,84073,5058,1977-01-01,1977-01-30,ZENITH NATIONAL INSURANCE CP,ZNT
013599,P,LU,11552,9374,1987-09-30,2019-11-29,CELGENE CORP,CELG
013619,P,LU,75107,20018,1987-07-29,2022-12-30,ABIOMED INC,ABMD
013623,P,LU,11547,9370,1987-07-23,E,CONMED CORP,CNMD
013646,P,LU,75100,21753,1987-05-05,2021-01-07,TIFFANY & CO,TIF
013664,P,LC,17334,9914,2018-03-10,2020-12-31,GCI LIBERTY IN -OLD,GLIBA.1
013700,P,LC,11600,9424,1987-08-12,E,DENTSPLY SIRONA INC,XRAY
013710,P,LC,25147,59892,2024-07-02,E,SIX FLAGS ENTERTAINMENT CORP,FUN
013714,P,LC,76226,21866,1994-10-01,2025-08-06,PARAMOUNT SKYDANCE CORP,PSKY
013714,J,LC,76226,21866,1990-06-14,1994-09-30,PARAMOUNT SKYDANCE CORP,PSKY
013714,P,LC,27083,60410,2025-08-07,E,PARAMOUNT SKYDANCE CORP,PSKY
013721,P,LC,13788,54327,2013-02-01,E,ZOETIS INC,ZTS
013786,P,LC,11636,9457,2014-01-23,E,HERON THERAPEUTICS INC,HRTX
013786,P,LC,11636,9457,1987-08-26,2011-03-31,HERON THERAPEUTICS INC,HRTX
013824,P,LU,11533,9360,1987-07-22,E,FAIR ISAAC CORP,FICO
013839,P,LU,11707,9526,1987-09-22,2019-12-31,CAMBREX CORP,CBM
013888,P,LC,81593,5849,2015-09-28,E,MR COOPER GROUP INC,COOP
013941,P,LU,11761,9566,1987-10-06,2001-04-30,DALLAS SEMICONDUCTOR CORP,DS.3
013948,P,LC,23229,20361,1962-01-31,1987-05-26,CONSUMERS ENERGY CO,CMS1
013963,P,LU,75233,21100,1987-10-08,2024-10-31,VECTOR GROUP LTD,VGR
013988,P,LC,75186,21578,1987-09-22,E,SCHWAB (CHARLES) CORP,SCHW
013990,P,LC,89686,24345,2003-02-05,2013-02-13,WARNACO GROUP INC,WRC
014007,P,LC,87281,21266,1999-10-07,2005-10-06,NEIMAN MARCUS GROUP LTD LLC,1641B
014027,P,LU,11809,9616,1987-11-24,E,CLEAN HARBORS INC,CLH
014084,P,LU,11731,9550,1987-09-30,E,ALBANY INTL CORP  -CL A,AIN
014131,P,LC,10211,8145,1986-05-05,2006-03-31,WESTCORP,WES.2
014134,P,LU,10594,8497,1986-08-19,2002-01-31,DIME BANCORP INC,DME.1
014163,P,LC,75261,21174,1988-02-05,2020-10-05,MCCLATCHY CO  -CL A,MNIQQ
014172,P,LU,88197,5440,1985-09-03,E,FULTON FINANCIAL CORP,FULT
014186,P,LC,89502,43504,2002-09-16,E,GEN-PROBE INC,GPRO.2
014201,P,LC,24628,4128,1983-06-02,2009-08-14,COLONIAL BANCGROUP,CBCGQ
014219,P,LC,85789,7784,1985-10-14,E,CADENCE BANK,CADE
014225,P,LU,11618,9440,1987-08-20,E,FASTENAL CO,FAST
014253,P,LU,82107,2253,1977-01-31,E,WESTAMERICA BANCORPORATION,WABC
014253,C,LU,82107,2253,1977-01-01,1977-01-30,WESTAMERICA BANCORPORATION,WABC
014256,P,LC,11896,9698,2008-10-08,2021-08-31,MAXIM INTEGRATED PRODUCTS,MXIM
014256,P,LC,11896,9698,1988-02-29,2007-10-01,MAXIM INTEGRATED PRODUCTS,MXIM
014268,P,LU,75902,10430,1989-12-19,2009-07-31,BORLAND SOFTWARE CORP,BORL
014275,P,LC,12448,53609,2010-12-09,E,FIRST REPUBLIC BANK,FRCB
014282,P,LC,84769,31967,1997-05-20,E,AMPHENOL CORP,APH
014304,P,LU,10180,9743,1988-04-08,2020-10-05,AKORN OPERATING COMPANY LLC,AKRXQ
014309,P,LU,11884,9677,1988-02-04,E,INTERPARFUMS INC,IPAR
014311,P,LU,75182,21425,1987-09-16,E,POLARIS INC,PII
014320,P,LC,13643,54224,2012-10-11,2023-11-30,INTERCEPT PHARMA INC,ICPT
014324,P,LC,75577,9735,1988-03-31,2015-12-24,ALTERA CORP,ALTR.1
014359,N,LX,75241,21366,1998-04-30,E,PIONEER NATURAL RESOURCES CO,PXD
014359,P,LU,75241,21366,1987-12-22,E,PIONEER NATURAL RESOURCES CO,PXD
014363,P,LC,75259,20957,1988-01-26,2004-10-29,IMC GLOBAL INC,IGL
014369,P,LU,75320,21826,1988-05-04,E,ARRAY DIG INFRASTRUCTURE INC,AD
014370,P,LC,75285,20312,1991-05-03,E,MANPOWERGROUP,MAN
014384,P,LU,75308,21339,1988-04-13,2007-01-31,OREGON STEEL MILLS INC,OS.1
014385,P,LU,11927,9777,1988-05-12,2008-03-31,RESPIRONICS INC,RESP.
014386,P,LC,86168,16157,1998-06-16,2011-06-30,GSI COMMERCE INC,GSIC
014412,P,LU,75316,21635,1988-05-13,2019-10-31,SOTHEBY'S,BID.1
014418,P,LU,11891,9764,1988-05-02,E,MGM RESORTS INTERNATIONAL,MGM
014438,P,LC,13567,54174,2012-10-01,2016-04-29,ADT CORP,ADT.4
014446,P,LC,75228,7712,1987-12-11,2006-01-25,IVAX CORP,IVX.2
014466,P,LC,11509,9338,1987-07-15,2008-10-01,HILB ROGAL & HOBBS CO,HRH.1
014477,P,LU,11955,9804,1988-06-03,E,WASTE MANAGEMENT INC,WM
014489,P,LC,18267,55676,2018-12-28,E,DELL TECHNOLOGIES INC,DELL
014489,P,LC,11081,9833,1988-06-22,2013-10-31,DELL TECHNOLOGIES INC,DELL
014535,P,LC,84176,31806,1996-11-14,E,EW SCRIPPS  -CL A,SSP
014555,C,LC,90044,9809,2004-02-24,2011-11-04,ACELITY HOLDINGS INC -REDH,9566B
014561,P,LC,11752,9558,1987-10-02,E,COHERENT CORP,COHR
014565,P,LC,11970,9873,1988-07-22,2007-02-28,AMERICAN POWER CONVERSION CP,APCC.
014590,P,LC,81774,20763,1995-07-31,E,FREEPORT-MCMORAN INC,FCX
014623,P,LU,12067,9903,1988-08-11,E,NOVELLUS SYSTEMS INC,NVLS.1
014624,P,LC,75573,9798,1988-06-01,2025-12-31,ODP CORP,ODP
014650,P,LC,11976,9905,1988-08-12,E,BMC SOFTWARE INC,BMC
014790,P,LU,75342,20642,1988-07-21,E,MERITAGE HOMES CORP,MTH
014793,P,LC,75326,20221,1988-08-11,2016-01-08,ARCH RESOURCES INC,ARCH
014822,P,LC,17743,544,1987-01-30,E,BERKLEY (W R) CORP,WRB
014822,C,LC,17743,544,1987-01-01,1987-01-29,BERKLEY (W R) CORP,WRB
014824,P,LC,23473,912,1982-01-29,E,CINCINNATI FINANCIAL CORP,CINF
014824,C,LC,23473,912,1982-01-01,1982-01-28,CINCINNATI FINANCIAL CORP,CINF
014827,P,LC,59126,3324,1987-01-30,2007-08-24,OHIO CASUALTY CORP,OCAS
014827,C,LC,59126,3324,1987-01-01,1987-01-29,OHIO CASUALTY CORP,OCAS
014828,P,LU,59396,3363,1980-01-31,E,OLD REPUBLIC INTL CORP,ORI
014828,C,LU,59396,3363,1980-01-01,1980-01-30,OLD REPUBLIC INTL CORP,ORI
014830,P,LC,10119,8064,1986-03-18,2007-09-27,21ST CENTURY INS GROUP,TW.1
014863,P,LU,12022,9892,1988-08-08,2008-01-31,GENLYTE GROUP INC,GLYT
014897,P,LU,12265,9983,1988-10-21,2005-05-31,VISX INC/DE,EYE.1
014898,P,LU,78664,26127,1993-08-02,E,3D SYSTEMS CORP,DDD
014908,P,LC,12074,9921,1988-09-06,2011-05-31,PRIDE INTERNATIONAL INC,PDE
014934,P,LC,87137,35222,1999-08-18,E,DEVON ENERGY CORP,DVN
014960,P,LC,12062,9848,1988-07-07,E,LABCORP HOLDINGS INC,LH
015044,P,LC,13628,54213,2012-10-12,E,WORKDAY INC,WDAY
015060,C,LC,80926,13311,1995-01-31,2024-04-30,CALLON PETROLEUM CO/DE,CPE
015060,C,LN,80926,13311,1994-10-07,1995-01-30,CALLON PETROLEUM CO/DE,CPE
015084,J,LX,75333,20351,2003-09-30,2006-04-28,BURLINGTON RESOURCES INC,BR.2
015084,P,LC,75333,20351,1988-07-08,2006-04-28,BURLINGTON RESOURCES INC,BR.2
015092,P,LC,75432,10065,1989-01-03,2014-02-13,CEC ENTERTAINMENT INC,9614B
015106,C,LC,75383,21965,1988-11-04,2011-06-30,BECKMAN COULTER INC,BEC.2
015110,P,LU,75444,22011,1989-01-19,2007-12-31,LYONDELL CHEMICAL CO,LYO
015133,P,LC,77579,22808,1992-05-07,2004-08-31,APOGENT TECHNOLOGIES INC,AOT
015197,P,LC,11992,9882,1988-08-02,2019-07-31,CHEMICAL FINANCIAL CORP,CHFC
015202,P,LU,58094,5627,1982-09-02,2006-11-30,NORTH FORK BANCORPORATION,NFB
015203,C,LU,75684,10086,1989-01-19,2004-11-30,NETEGRITY INC,NETE.
015208,P,LC,75789,22096,1989-08-10,2010-07-07,FEDERAL HOME LOAN MORTG CORP,FMCC
015247,P,LC,85269,32066,1997-08-12,E,VALERO ENERGY CORP,VLO
015253,P,LU,75733,10146,1989-03-28,2011-06-30,CKX INC,CKXE
015261,P,LC,12169,10053,1988-12-19,2016-10-31,DORAL FINANCIAL CORP,DRLCQ
015267,P,LU,75591,22075,1989-06-02,E,IDEX CORP,IEX
015274,N,LX,82540,14037,2011-04-29,E,WALTER ENERGY INC,WLTGQ
015274,P,LC,82540,14037,1995-10-10,2019-05-31,WALTER ENERGY INC,WLTGQ
015290,C,LC,83189,10134,1996-03-18,2007-07-31,ARMOR HOLDINGS INC,AH.Z
015314,P,LC,13711,54283,2012-12-13,2016-11-30,SOLARCITY CORP,SCTY.1
015315,P,LU,75477,22031,1989-04-14,2004-06-30,ALARIS MEDICAL SYSTEMS INC,AMI.2
015337,C,LC,80297,28344,1994-02-23,2020-05-13,EMMIS CORP,EMMS
015343,C,LU,76573,22807,1991-02-27,E,MUELLER INDUSTRIES,MLI
015354,P,LU,75625,22038,1989-05-31,2006-03-31,ENTERASYS NETWORKS INC,ETS.1
015363,P,LC,11992,9882,2019-08-01,2021-06-30,TCF FINANCIAL CORP,TCF
015363,P,LC,10375,8292,1986-06-17,2019-07-31,TCF FINANCIAL CORP,TCF
015414,P,LC,75694,10107,1989-02-09,E,BIO-TECHNE CORP,TECH
015417,P,LU,63467,3624,1984-01-31,E,BROWN & BROWN INC,BRO
015417,C,LU,63467,3624,1984-01-01,1984-01-30,BROWN & BROWN INC,BRO
015452,P,LC,13647,54227,2012-10-12,2017-02-28,LINNCO LLC,LNCOQ
015521,P,LC,75489,10171,1989-04-28,2017-09-12,STAPLES INC,SPLS.1
015708,P,LC,75646,22092,1989-07-27,2015-03-31,ALLERGAN INC,AGN.2
015855,P,LC,75607,10224,1989-06-23,E,GEN DIGITAL INC,GEN
016101,P,LC,13721,54287,2013-01-02,E,ABBVIE INC,ABBV
016188,P,LU,75654,10256,1989-07-20,E,COGNEX CORP,CGNX
016227,P,LC,86861,7361,1984-12-21,2005-12-30,COMMERCIAL FEDERAL CORP,CFB.2
016243,P,LC,81593,5849,1983-03-11,2008-09-26,WASHINGTON MUTUAL INC,WAMUQ
016245,P,LC,12073,9847,1988-07-06,2022-04-29,PEOPLE'S UNITED FINL INC,PBCT
016384,P,LC,13904,54396,2013-05-02,E,VOYA FINANCIAL INC,VOYA
016401,P,LU,75603,10210,1989-06-09,E,CIRRUS LOGIC INC,CRUS
016453,P,LU,75976,10288,1989-08-23,E,NEOGEN CORP,NEOG
016477,P,LC,93101,30388,2009-11-20,E,LEAR CORP,LEA
016477,P,LC,80422,30388,1994-04-07,2009-07-01,LEAR CORP,LEA
016478,P,LU,75825,22113,1989-10-04,E,EOG RESOURCES INC,EOG
016486,P,LC,13766,54318,2013-02-06,E,BOISE CASCADE CO,BCC
016549,P,LC,14670,54870,2014-05-14,E,SERVISFIRST BANCSHARES INC,SFBS
016573,P,LC,76497,28913,1990-11-05,2001-06-05,CENTURA BANKS INC,CBC.2
016597,P,LU,75854,10359,1989-11-09,E,LATTICE SEMICONDUCTOR CORP,LSCC
016629,P,LU,34498,1682,1988-01-29,2008-04-30,ALFA CORP,ALFA.1
016629,C,LU,34498,1682,1988-01-01,1988-01-28,ALFA CORP,ALFA.1
016648,P,LC,16435,55776,2016-10-06,2020-10-30,ADVANCED DISPOSAL SERVICES,ADSW
016650,P,LC,76148,26058,1990-04-12,2015-07-22,RTI INTL METALS INC,RTI
016653,P,LC,13862,54368,2013-04-10,E,TAYLOR MORRISON HOME CORP,TMHC
016665,P,LU,78717,28879,1989-09-20,2007-11-30,APPLEBEES INTL INC,APPB.1
016720,C,LC,14127,54533,2022-03-21,2024-09-16,ACCELITRON ADN MTR CNTRL INC,AAMCF
016720,C,LC,14127,54533,2013-09-12,2021-11-30,ACCELITRON ADN MTR CNTRL INC,AAMCF
016721,P,LU,75828,10303,1989-09-20,E,ELECTRONIC ARTS INC,EA
016738,P,LC,14312,54653,2013-11-14,2022-04-29,HOUGHTON MIFFLIN HARCOURT CO,HMHC
016751,P,LU,10725,9662,1988-01-22,2004-09-30,CHARTER ONE FINANCIAL INC,CF.6
016769,P,LC,23326,991,1982-01-29,2007-12-31,CHITTENDEN CORP,CHZ
016769,C,LC,23326,991,1982-01-01,1982-01-28,CHITTENDEN CORP,CHZ
016784,P,LU,86845,7263,1984-10-18,2008-03-31,COMMERCE BANCORP INC/NJ,CBH.1
016790,P,LU,86896,7871,1985-11-22,E,COMMUNITY FINANCIAL SYST INC,CBU
016821,P,LC,11018,8889,1987-01-13,E,FIRST BANCORP P R,FBP
016832,P,LC,87952,6944,1984-03-22,E,GLACIER BANCORP INC,GBCI
016878,P,LC,37699,1830,1983-01-31,2008-04-16,ELAH HOLDINGS INC,ELLH
016889,P,LU,10252,8179,1986-05-14,E,INDEPENDENT BANK CORP/MA,INDB
016892,P,LC,13748,54303,2013-01-31,2014-07-30,TRI POINTE HOMES INC  -OLD,TPH.3
016932,P,LU,75660,10269,1989-07-28,2001-09-28,MARINE DRILLING CO INC,MRL.2
016955,P,LU,10290,8212,1986-05-23,E,HARLEYSVILLE GROUP INC,HGIC
016991,P,LC,90628,51781,2005-03-02,2007-04-19,TD BANKNORTH INC,BNK.3
016991,P,LC,10906,8782,1986-12-04,2005-03-01,TD BANKNORTH INC,BNK.3
017001,P,LC,19893,57384,2020-10-08,E,FUBOTV INC,FUBO
017010,P,LC,16000,54311,2018-01-01,2024-09-10,LIBERTY MEDIA SIRIUSXM GROUP,LSXMK
017010,J,LC,16000,54311,2016-04-18,2017-12-31,LIBERTY MEDIA SIRIUSXM GROUP,LSXMK
017010,J,LC,14811,54311,2014-07-24,2016-04-17,LIBERTY MEDIA SIRIUSXM GROUP,LSXMK
017010,P,LC,13757,54311,2013-01-14,2016-04-17,LIBERTY MEDIA SIRIUSXM GROUP,LSXMK
017035,P,LC,52936,7863,1988-01-29,E,MERCURY GENERAL CORP,MCY
017035,C,LC,52936,7863,1988-01-01,1988-01-28,MERCURY GENERAL CORP,MCY
017070,P,LC,56611,6523,1983-10-25,2016-04-01,NATIONAL PENN BANCSHARES INC,NPBC
017074,P,LU,10395,8314,1986-06-19,2019-05-31,NAVIGATORS GROUP INC,NAVG
017095,P,LU,12068,7067,1987-01-30,E,OLD NATIONAL BANCORP,ONB
017095,C,LU,12068,7067,1987-01-01,1987-01-29,OLD NATIONAL BANCORP,ONB
017101,P,LU,75860,10380,1989-11-17,2024-02-29,IMMUNOGEN INC,IMGN
017110,P,LU,75857,10371,1989-11-15,2007-10-31,SOLECTRON CORP,SLR
017115,C,LU,68292,4234,1987-01-30,E,SELECTIVE INS GROUP INC,SIGI
017115,C,LU,68292,4234,1987-01-01,1987-01-29,SELECTIVE INS GROUP INC,SIGI
017120,P,LC,11786,9588,1987-10-23,2024-11-07,MNSN HOLDINGS INC,MNSH
017130,P,LC,10562,8470,1986-08-12,2009-01-29,SANTANDER HOLDINGS USA INC,STD2
017145,P,LC,81577,5679,1983-12-30,E,WAFD INC,WAFD
017150,P,LC,10932,8810,1986-12-12,E,WEBSTER FINANCIAL CORP,WBS
017157,P,LC,93105,7427,1985-02-14,2010-04-30,W HOLDING CO INC,WHCI
017160,P,LC,67046,2343,1982-01-29,2009-09-14,CORUS BANKSHARES INC,CORSQ
017160,C,LC,67046,2343,1982-01-01,1982-01-28,CORUS BANKSHARES INC,CORSQ
017195,P,LC,35685,6736,1983-12-21,E,FIRST FINL BANCORP INC/OH,FFBC
017197,P,LC,75858,10372,1989-11-15,2010-09-30,GENERAL MOTORS FINL CO INC,GM2
017228,P,LC,79444,29930,2018-05-10,E,TALOS ENERGY INC,TALO
017233,P,LC,73809,7050,1988-01-29,2015-07-31,SUSQUEHANNA BANCSHARES INC,SUSQ
017233,C,LC,73809,7050,1987-01-01,1988-01-28,SUSQUEHANNA BANCSHARES INC,SUSQ
017248,P,LU,11369,9213,1987-05-29,E,UNITED BANKSHARES INC/WV,UBSI
017254,P,LC,10085,8029,1986-03-06,2006-04-28,HEALTHMARKETS INC,3799B
017266,P,LC,79477,5981,1983-05-12,2011-04-29,UNIVERSAL AMERICAN CORP,UAM
017306,P,LC,13908,54399,2013-05-09,E,PENNYMAC FINANCIAL SERVICES,PFSI
017550,P,LC,13875,54375,2015-05-01,2018-06-29,BLACKHAWK NETWORK HLDGS INC,HAWK.1
017550,J,LC,13875,54375,2014-06-01,2015-04-30,BLACKHAWK NETWORK HLDGS INC,HAWK.1
017550,P,LC,13875,54375,2013-04-19,2014-05-31,BLACKHAWK NETWORK HLDGS INC,HAWK.1
017640,P,LC,10825,8711,1986-11-28,2010-09-30,SOUTH FINANCIAL GROUP INC,TSFG
017653,P,LC,15056,55102,2014-11-10,E,ADMA BIOLOGICS INC,ADMA
017688,P,LC,13942,54421,2013-05-09,2015-08-31,RECEPTOS INC,RCPT
017695,P,LC,13914,54402,2013-05-17,2019-07-31,TABLEAU SOFTWARE INC,DATA
017699,P,LC,13831,54357,2013-05-02,2017-06-27,CST BRANDS INC,CST
017812,P,LC,13957,54429,2013-06-27,2020-12-31,HD SUPPLY HOLDINGS INC,HDS
017874,P,LC,91937,52120,2013-05-01,E,T-MOBILE US INC,TMUS
017890,C,LC,87759,18404,2000-03-13,2021-12-13,IKONICS CORP,IKNX
017928,P,LC,13911,54401,2013-05-09,E,IQVIA HOLDINGS INC,IQV
017931,P,LC,13940,54419,2013-05-22,2020-07-31,PORTOLA PHARMACEUTICALS INC,PTLA
017934,P,LC,14102,54513,2013-08-01,E,SPROUTS FARMERS MARKET,SFM
017998,P,LC,13947,54424,2013-06-19,2025-06-30,BLUEBIRD BIO INC,BLUE
018036,P,LC,14239,54602,2013-10-25,E,VISTANCE NETWORKS INC,VISN
018043,P,LC,13963,54433,2013-07-01,E,NEWS CORP,NWSA
018049,P,LC,10629,8534,1986-09-02,E,F N B CORP/FL,FNB
018159,P,LC,14044,54476,2013-07-24,E,AGIOS PHARMACEUTICALS,AGIO
018169,P,LC,14106,54515,2013-08-09,2015-12-01,STOCK BUILDING SUPPLY HLDGS,STCK.1
018184,P,LC,14464,54740,2014-02-20,2020-12-31,NATIONAL GENERAL HOLDINGS CP,NGHC
018241,P,LC,77643,29505,1992-06-10,E,FIRST COMMONWLTH FINL CP/PA,FCF
018306,P,LC,14414,54706,2014-01-23,2022-01-31,SANTANDER CONSUMER USA HLDGS,SC
018312,P,LC,16084,55582,2016-05-31,E,US FOODS HOLDING CORP,USFD
018315,P,LC,14072,54496,2013-08-08,E,PRECIGEN INC,PGEN
018320,P,LC,14097,54509,2013-08-08,E,FOX FACTORY HOLDING CP,FOXF
018326,P,LC,14304,54648,2013-11-19,2017-10-31,CAESARS ACQUISITION CO,CACQ
018432,P,LC,14065,54492,2013-08-14,2016-12-30,ENVISION HEALTHCARE HLDGS,EVHC.1
018443,P,LC,14062,54490,2013-08-02,2014-11-28,ATHLON ENERGY INC,ATHL
018465,P,LC,14179,54570,2013-10-10,E,ANTERO RESOURCES CORP,AR
018469,P,LC,14160,54557,2013-09-25,2018-07-31,FOUNDATION MEDICINE INC,FMI
018487,P,LC,14159,54556,2013-09-20,2022-09-30,MANDIANT INC,MNDT
018498,P,LC,14076,54499,2013-09-03,E,MURPHY USA INC,MUSA
018510,P,LC,14176,54568,2013-09-19,2021-11-30,ACCELERON PHARMA INC,XLRN
018556,P,LC,14273,54627,2013-11-13,E,CHEGG INC,CHGG
018562,P,LC,14245,54605,2013-10-01,E,FATE THERAPEUTICS INC,FATE
018572,P,LC,14167,54561,2013-09-25,2023-07-31,IVERIC BIO INC,ISEE
018624,P,LC,14169,54563,2013-09-26,2025-11-28,PREMIER INC,PINC.1
018629,P,LC,14317,54657,2013-11-07,E,LGI HOMES INC,LGIH
018630,P,LC,14136,54541,2013-09-27,E,RINGCENTRAL INC,RNG
018660,P,LC,14392,54697,2014-01-17,2019-04-30,EP ENERGY CORP,EPEGQ
018675,P,LC,14182,54574,2013-10-02,E,BURLINGTON STORES INC,BURL
018677,N,LX,14168,54562,2013-09-27,2020-03-31,PATTERN ENERGY GROUP INC,PEGI
018677,P,LC,14168,54562,2013-09-27,2020-03-31,PATTERN ENERGY GROUP INC,PEGI
018683,P,LC,14141,54544,2013-09-30,E,SCIENCE APPLICATIONS INTL CP,SAIC
018689,P,LC,14231,54595,2013-10-16,E,VEEVA SYSTEMS INC,VEEV
018699,P,LU,75912,10408,1989-12-08,E,PTC INC,PTC
018705,P,LC,75888,22139,1989-12-08,2006-08-31,WESTERN GAS RESOURCES INC,WGR
018792,P,LC,14252,54610,2013-11-04,E,GAMING & LEISURE PPTYS,GLPI
018872,P,LC,14295,54638,2013-11-07,2022-10-31,TWITTER INC,TWTR
018875,P,LC,17812,56372,2018-06-09,E,AGNT INC,AGNT
018888,P,LC,82702,14243,2018-05-07,E,AMNEAL PHARMACEUTICALS INC,AMRX
018899,P,LC,14325,54662,2013-11-14,E,TANDEM DIABETES CARE INC,TNDM
018975,P,LC,14340,54675,2013-12-13,2017-04-28,NIMBLE STORAGE INC,NMBL.1
019044,P,LC,14472,54748,2014-02-28,E,VARONIS SYSTEMS INC,VRNS
019149,P,LC,14436,54723,2014-01-31,E,ULTRAGENYX PHARMACEUTICAL,RARE
019171,P,LC,14408,54704,2014-01-17,2018-07-31,RSP PERMIAN INC,RSPP
019274,P,LC,14459,54739,2014-02-14,E,INOGEN INC,INGN
019296,P,LC,14335,54669,2013-12-13,2018-09-28,CHENIERE ENERGY PTNRS LP LLC,CQH
019318,P,LU,76266,10743,1990-08-30,E,PARK NATIONAL CORP,PRK
019355,P,LU,91855,7460,1985-03-13,E,SIMMONS FIRST NATL CP  -CL A,SFNC
019377,P,LC,14409,54705,2014-01-24,2017-11-30,RICE ENERGY INC,RICE.
019402,P,LU,75905,10419,1989-12-14,E,G-III APPAREL GROUP LTD,GIII
019412,P,LC,14432,54720,2014-01-31,E,INTRA-CELLULAR THERAPIES INC,ITCI
019418,P,LC,14448,54729,2014-02-05,2015-05-29,AUSPEX PHARMACEUTICALS INC,ASPX
019507,P,LC,14503,54762,2014-03-28,E,OUTFRONT MEDIA INC,OUT
019516,P,LC,14479,54750,2014-02-13,E,INSTALLED BLDG PRODUCTS INC,IBP
019517,P,LC,14401,54702,2014-02-03,E,ONE GAS INC,OGS
019518,P,LC,14487,54752,2014-03-03,E,KNOWLES CORP,KN
019538,C,LU,11056,8926,1987-02-02,2014-04-30,STERLING FINANCIAL CORP/WA,STSA.1
019570,P,LU,77528,11480,1992-04-21,E,S & T BANCORP INC,STBA
019580,P,LC,14637,54849,2014-06-09,2018-01-31,TIME INC,TIME.
019600,P,LC,14691,54884,2014-06-18,2024-03-28,CYMABAY THERAPEUTICS INC,CBAY
019647,P,LC,15092,55129,2014-12-11,E,HAPPEN INC,HAPN
019649,P,LC,14608,54830,2014-04-17,E,SABRE CORP,SABR
019713,P,LC,79747,12461,1993-10-06,E,ATLANTIC UNION BANKSHRS CRP,AUB
019730,P,LC,14547,54790,2014-03-19,E,PAYLOCITY HOLDING CORP,PCTY
019753,P,LC,14580,54813,2014-04-02,E,MAGNITE INC,MGNI
019800,P,LC,14573,54808,2014-04-09,2018-05-30,COREPOINT LODGING INC,CPLG
019877,P,LC,14516,54769,2014-03-20,E,Q2 HOLDINGS INC,QTWO
019881,P,LC,14554,54796,2014-03-28,2024-09-30,2U INC,TWOUQ
019906,P,LC,14567,54805,2014-04-04,2021-06-30,GRUBHUB INC,GRUB.2
019908,P,LC,14596,54820,2014-04-04,E,FIVE9 INC,FIVN
019927,P,LC,14574,54809,2014-04-16,E,MOELIS & CO,MC
019998,P,LC,16260,55672,2016-08-11,E,MEDPACE HOLDINGS INC,MEDP
020019,P,LU,20395,5856,1983-03-16,E,CVB FINANCIAL CORP,CVBF
020020,P,LC,14619,54839,2014-06-02,E,CIVEO CORP,CVEO
020021,P,LU,75900,10436,1989-12-21,2007-01-31,AZTAR CORP,AZR.1
020064,P,LC,33647,5238,1989-09-29,2004-09-28,EVERGREEN RESOURCES,EVG.1
020075,P,LC,75925,10457,1990-01-12,2007-08-31,MAF BANCORP INC,MAFB
020088,P,LC,15145,55158,2015-01-23,E,BOX INC,BOX
020089,P,LC,14750,54920,2014-06-26,2022-10-31,TERMINIX GLOBAL HOLDINGS INC,TMX
020116,P,LC,14579,54812,2014-04-15,E,PAYCOM SOFTWARE INC,PAYC
020126,P,LC,14759,54929,2014-07-25,E,ADVANCED DRAINAGE SYSTEMS,WMS
020134,P,LC,63562,1383,1990-01-31,2008-12-23,GREY WOLF INC,GW
020158,P,LU,76177,10511,1990-03-07,2004-02-27,MID ATLANTIC MEDICAL SVCS,MME.
020168,P,LC,14703,54894,2014-06-13,2016-09-30,MEMORIAL RESOURCE DEV CORP,MRD
020185,P,LU,77300,11324,1992-01-31,E,SCOTTS MIRACLE-GRO CO,SMG
020204,C,LU,76215,10467,1990-01-22,2021-08-31,ICONIX BRAND GROUP INC,ICON.1
020228,P,LC,14763,54931,2014-07-31,2024-12-31,CATALENT INC,CTLT
020229,P,LC,14641,54851,2014-05-15,2022-11-30,ZENDESK INC,ZEN
020232,P,LC,14939,55033,2014-11-03,E,KEYSIGHT TECHNOLOGIES INC,KEYS
020235,P,LC,14632,54844,2014-06-02,E,DNOW INC,DNOW
020298,P,LC,14634,54846,2014-05-23,2021-01-29,PARSLEY ENERGY INC,PE
020338,N,LX,25773,60058,2024-11-11,E,PRIMO BRANDS CORP,PRMB
020338,P,LC,25773,60058,2024-11-11,E,PRIMO BRANDS CORP,PRMB
020412,P,LC,14617,54837,2014-05-02,E,ARES MANAGEMENT CORP,ARES
020423,P,LC,76090,26032,1990-02-26,2008-01-31,CAESARS ENTERTAINMENT CORP,CZR.3
020423,P,LC,13267,53998,2012-02-08,2020-07-31,CAESARS ENTERTAINMENT CORP,CZR.3
020430,P,LC,66325,6412,2014-05-30,E,SLM CORP,SLM
020513,P,LC,14719,54912,2014-06-20,2020-11-13,MONTAGE RESOURCES CORP,MR
020534,P,LC,15139,54901,2014-06-18,E,VIPER ENERGY INC,VNOM
020548,P,LU,76082,26024,1990-02-08,E,COTERRA ENERGY INC,CTRA
020643,P,LC,14695,54890,2014-06-20,2017-10-31,KITE PHARMA INC,KITE
020644,P,LC,14694,54888,2014-06-26,E,GOPRO INC,GPRO
020653,P,LC,82196,13960,1995-08-25,2020-07-29,DENBURY INC,DEN
020653,N,LX,82196,13960,1995-08-25,2002-04-30,DENBURY INC,DEN
020653,P,LC,19752,13960,2020-09-21,2023-11-30,DENBURY INC,DEN
020686,P,LC,14776,54936,2014-07-31,E,SYNCHRONY FINANCIAL,SYF
020693,P,LC,14686,54879,2014-07-01,2017-01-10,NORTHSTAR ASSET MGMT GRP INC,NSAM
020699,P,LC,14872,54995,2014-08-28,2025-04-30,LIBERTY TRIPADVISOR HOLDINGS,LTRPA
020739,P,LC,14831,54975,2014-07-18,2020-07-31,TERRAFORM POWER INC,TERP
020748,P,LC,14714,54907,2014-06-06,E,ARISTA NETWORKS INC,ANET
020779,P,LC,76076,10486,1990-02-16,E,CISCO SYSTEMS INC,CSCO
020783,P,LC,76085,26027,1990-02-15,2007-03-02,READERS DIGEST ASSN INC,0090A
020823,P,LC,14803,54955,2014-07-31,E,HEALTHEQUITY INC,HQY
020898,P,LC,15058,55104,2014-11-13,E,SOLENO THERAPEUTICS INC,SLNO
020904,P,LC,76095,10504,1990-03-01,E,HOLOGIC INC,HOLX
020935,P,LC,14782,54940,2014-07-18,E,TRUPANION INC,TRUP
020943,P,LC,14828,54971,2014-07-18,2025-08-29,SAGE THERAPEUTICS INC,SAGE
020960,P,LC,17036,56119,2017-11-18,E,CANNAE HOLDINGS INC,CNNE
020993,P,LC,76101,10514,1990-03-13,2005-03-31,VARCO INTERNATIONAL INC,VRC.1
021004,P,LC,15429,55313,2015-06-25,E,LANTHEUS HOLDINGS INC,LNTH
021016,P,LC,14871,54994,2014-08-01,2019-02-28,LOXO ONCOLOGY INC,LOXO
021032,P,LC,15303,55236,2015-04-29,E,VIKING THERAPEUTICS INC,VKTX
021047,P,LC,14954,55043,2014-10-10,2020-02-28,DIPLOMAT PHARMACY INC,DPLO
021061,P,LU,76099,10517,1990-03-13,2012-05-31,DELPHI FINANCIAL GROUP INC,DFG
021186,P,LC,76391,10535,1990-03-28,2012-12-31,MEDICIS PHARMACEUT CP  -CL A,MRX.3
021227,P,LC,14988,55037,2015-07-01,E,LIBERTY BROADBAND CORP,LBRDK
021227,J,LC,14988,55037,2014-11-05,2015-06-30,LIBERTY BROADBAND CORP,LBRDK
021237,P,LU,76127,10544,1990-04-03,E,TETRA TECHNOLOGIES INC/DE,TTI
021238,P,LU,76128,10545,1990-04-03,E,VICOR CORP,VICR
021261,P,LC,15088,55125,2014-11-14,2016-12-30,VIRGIN AMERICA INC,VA
021352,P,LC,14941,55034,2014-11-03,E,AVANOS MEDICAL INC,AVNS
021429,P,LU,76135,10561,1990-04-20,E,GRANITE CONSTRUCTION INC,GVA
021431,P,LC,20188,55089,2020-10-28,E,CALIFORNIA RESOURCES CORP,CRC
021431,P,LC,15029,55089,2014-12-01,2020-07-15,CALIFORNIA RESOURCES CORP,CRC
021433,P,LC,14984,55061,2014-10-17,2020-03-31,ZAYO GROUP HOLDINGS INC,ZAYO
021440,P,LU,78981,28858,1993-03-05,E,LANDSTAR SYSTEM INC,LSTR
021487,P,LC,76138,10567,1990-04-24,2017-04-28,B/E AEROSPACE INC,BEAV
021496,P,LC,76139,10566,1990-04-24,2015-02-09,ORBITAL SCIENCES CORP,ORB
021503,P,LU,76136,10563,1990-04-23,E,KEMPER CORP/DE,KMPR
021515,P,LC,15482,55337,2015-06-18,2023-08-31,UNIVAR SOLUTIONS INC,UNVR
021540,P,LC,14983,55060,2014-10-02,E,WAYFAIR INC,W
021542,P,LU,76868,10817,1991-01-03,E,AAON INC,AAON
021601,P,LC,17000,56106,2017-10-05,E,RHYTHM PHARMACEUTICLS,RYTM
021616,P,LC,14969,55050,2014-10-15,2022-02-28,GREAT WESTERN BANCORP INC,GWB
021626,P,LC,14982,55059,2014-10-01,2020-10-08,VIVINT SOLAR INC,VSLR
021739,P,LC,15079,55119,2014-11-13,2021-07-30,PRA HEALTH SCIENCES INC,PRAH
021761,P,LC,14926,55023,2014-10-01,2022-07-29,CDK GLOBAL INC,CDK
021776,P,LU,76383,10593,1990-05-08,2015-01-30,AVANIR PHARMACEUTICALS INC,AVNR
021777,P,LU,76392,10512,1990-05-10,E,MERIT MEDICAL SYSTEMS INC,MMSI
021798,P,LC,15067,55111,2014-11-07,E,FRESHPET INC,FRPT
021799,P,LC,17332,56280,2018-02-08,E,VICTORY CPTL HLDGS INC,VCTR
021801,P,LC,15023,55086,2014-10-02,2017-11-30,VWR CORP,VWR
021808,P,LC,14882,55000,2014-09-19,E,CAESARS ENTERTAINMENT INC,CZR
021825,P,LC,14889,55006,2014-09-24,E,CITIZENS FINANCIAL GROUP INC,CFG
021828,P,LC,76671,28876,1991-05-17,2015-08-21,ANN INC,ANN
021833,P,LC,19098,56962,2019-12-17,E,HESS MIDSTREAM LP,HESM
021847,P,LC,14970,55051,2014-10-09,E,HUBSPOT INC,HUBS
021898,P,LC,14953,55042,2014-10-30,E,BOOT BARN HOLDINGS INC,BOOT
021901,P,LC,15065,55110,2014-11-14,E,KYNTRA BIO INC,KYNB
021916,P,LC,15046,55095,2014-11-06,2025-04-30,NEVRO CORP,NVRO
022000,P,LC,15119,55141,2014-12-12,E,WORKIVA INC,WK
022039,P,LC,15071,55113,2014-11-07,2023-09-29,SYNEOS HEALTH INC,SYNH
022053,P,LC,88871,41163,2001-01-18,2021-12-08,CONTANGO OIL & GAS CO,MCF
022086,P,LU,85875,31854,1998-03-04,E,INTL BANCSHARES CORP,IBOC
022140,P,LC,76887,11108,1991-09-10,2008-12-05,ALLIED WASTE INDUSTRIES INC,AW
022155,P,LC,16664,55909,2017-04-27,E,FLOOR & DECOR HLDGS,FND
022182,P,LC,15108,55133,2014-12-12,2023-11-30,NEW RELIC INC,NEWR
022221,P,LC,89485,43452,2002-08-06,2010-11-15,PSYCHIATRIC SOLUTIONS INC,PSYS.1
022230,P,LC,15134,55150,2014-12-19,2018-03-29,JUNO THERAPEUTICS INC,JUNO
022250,P,LU,76194,10621,1990-06-05,2004-01-30,SICOR INC,SCRI.
022260,P,LC,76171,10604,1990-05-17,2006-11-30,HCA HEALTHCARE INC,HCA
022260,P,LC,12622,53696,2011-03-10,E,HCA HEALTHCARE INC,HCA
022325,P,LU,76201,10634,1990-06-12,2022-02-28,XILINX INC,XLNX
022343,P,LC,15091,55128,2014-12-17,2018-10-31,KLX INC,KLXI
022387,N,LX,17977,56465,2021-05-01,E,TILRAY BRANDS INC,TLRY
022387,P,LC,17977,56465,2021-05-01,E,TILRAY BRANDS INC,TLRY
022447,C,LC,79259,12195,1993-06-11,2011-12-27,PAR PACIFIC HOLDINGS INC,PARR
022532,P,LU,76214,10657,1990-06-29,2007-05-31,SWIFT TRANSPORTATION CO INC,SWFT.1
022583,P,LC,16076,55577,2016-05-31,2025-09-30,GMS INC,GMS
022603,P,LC,15264,55208,2015-03-12,2025-02-28,SUMMIT MATERIALS INC,SUM
022638,P,LC,19405,57093,2020-06-04,E,ZOOMINFO TECHNO INC,GTM
022653,P,LC,15168,55163,2015-02-10,2024-11-29,VISTA OUTDOOR INC,VSTO
022672,P,LC,15167,55162,2015-01-30,E,SHAKE SHACK INC,SHAK
022709,P,LC,15183,55173,2015-01-30,2019-12-31,SPARK THERAPEUTICS INC,ONCE
022734,P,LC,15401,55293,2015-07-01,2016-06-02,BAXALTA INC,BXLT
022741,P,LC,15398,55290,2015-07-01,E,CHEMOURS CO,CC
022794,P,LC,76240,26090,1990-07-20,2010-04-28,BJ SERVICES CO,BJS.1
022815,P,LU,76230,10691,1990-07-20,E,TRIMBLE INC,TRMB
022867,P,LC,15198,55184,2015-02-12,2024-08-08,INVITAE CORP,NVTAQ
022974,P,LC,76272,38042,1990-08-03,2006-01-31,VINTAGE PETROLEUM INC,VPI
023002,P,LC,11644,9465,1987-08-28,2018-08-13,COMSTOCK RESOURCES INC -OLD,CRK.5
023006,P,LC,76219,26082,1990-06-15,2012-03-05,TRANSATLANTIC HOLDINGS INC,TRH
023027,P,LU,76261,10724,1990-08-17,E,EXPONENT INC,EXPO
023071,P,LC,15315,55241,2015-04-01,E,GODADDY INC,GDDY
023083,P,LC,15400,55292,2015-07-01,E,ENERGIZER HOLDINGS INC,ENR
023084,P,LU,76224,26087,1990-06-27,E,BENCHMARK ELECTRONICS INC,BHE
023119,P,LC,15272,55214,2015-03-26,E,SOLAREDGE TECHNOLOGIES INC,SEDG
023220,P,LC,76477,26112,1990-10-24,2018-06-07,ORBITAL ATK INC,OA
023224,P,LU,76478,26113,1990-10-22,E,ESCO TECHNOLOGIES INC,ESE
023225,P,LC,15395,55287,2015-07-01,E,CABLE ONE INC,CABO
023238,P,LC,15291,55229,2015-04-16,E,ETSY INC,ETSY
023245,P,LC,15397,55289,2015-07-01,E,TOPBUILD CORP,BLD
023247,P,LC,15650,55403,2015-10-01,E,PJT PARTNERS INC,PJT
023249,P,LC,15490,55343,2015-08-04,E,LUMENTUM HOLDINGS INC,LITE
023252,P,LU,79037,29780,1993-03-16,E,ETHAN ALLEN INTERIORS INC,ETD
023256,P,LC,15359,55260,2015-05-07,2020-04-30,TALLGRASS ENERGY GROUP LP,TGE.4
023296,P,LC,15313,55240,2015-04-29,2024-12-09,ENVIVA INC,EVVAQ
023358,P,LC,15286,55226,2015-04-15,2026-01-30,CIDARA THERAPEUTICS INC,CDTX
023407,P,LC,15284,55224,2015-04-30,2025-07-31,BLUEPRINT MEDICINES CORP,BPMC
023432,P,LC,15302,55235,2015-04-16,E,VIRTU FINANCIAL INC,VIRT
023466,P,LU,76513,28922,1990-12-05,2005-09-30,CATELLUS DEVELOPMENT CORP,CDX.1
023485,P,LU,76515,28924,1990-12-06,2021-11-30,COVANTA HOLDING CORP,CVA
023500,P,LU,76504,10805,1990-12-14,E,CATHAY GENERAL BANCORP,CATY
023546,N,LX,17700,56345,2018-04-26,E,DAYFORCE INC,DAY
023546,P,LS,17700,56345,2018-04-26,E,DAYFORCE INC,DAY
023553,P,LC,83551,14615,1996-05-13,E,PACIFIC CAPITAL BANCORP,PCBC.3
023592,P,LC,76557,28976,1991-01-22,2005-12-30,MBNA CORP,KRB
023697,P,LU,76568,10843,1991-02-28,2018-12-31,SONIC CORP,SONC.1
023714,C,LC,88284,37664,2000-06-09,E,COMMUNITY HEALTH SYSTEMS INC,CYH
023753,P,LU,76582,10855,1991-03-12,E,DORMAN PRODUCTS INC,DORM
023767,P,LC,76584,10860,1991-03-19,2016-04-04,ATMEL CORP,ATML
023774,P,LC,76598,29001,1991-03-19,2006-10-31,MAVERICK TUBE CORP,MVK
023809,P,LU,76605,29009,1991-04-02,E,AUTOZONE INC,AZO
023810,P,LC,76613,10877,1991-04-02,2022-09-30,ION GEOPHYSICAL CORP,IOGPQ
023812,P,LU,76614,10876,1991-04-02,E,REGENERON PHARMACEUTICALS,REGN
023818,P,LC,15452,55326,2015-06-05,E,EVOLENT HEALTH INC,EVH
023820,P,LU,76979,10878,1991-04-03,2001-04-17,WINSTAR COMMUNICATIONS,3WCIIQ
023827,P,LC,15404,55294,2015-07-02,2016-06-30,COLUMBIA PIPELINE GROUP INC,CPGX
023843,P,LC,15440,55321,2015-06-12,E,WINGSTOP INC,WING
023856,P,LC,15390,55284,2015-06-18,2021-01-29,FITBIT INC,FIT.2
023877,P,LC,76619,10891,1991-04-17,E,COVENTRY HEALTH CARE INC,CVH
023943,P,LC,76624,10901,1991-04-24,2016-01-29,PMC-SIERRA INC,PMCS
023945,P,LC,76625,10902,1991-04-25,2011-10-31,CEPHALON INC,CEPH
023978,C,LU,76644,29028,1991-05-07,2025-06-30,UNITED STATES STEEL CORP,X
023986,P,LC,15432,55316,2015-06-17,2017-07-24,NIVALIS THERAPEUTICS INC,NVLS
023988,P,LC,76653,10918,1991-05-02,2008-10-28,APRIA HEALTHCARE GROUP INC,3274B
023990,P,LC,15454,55327,2015-06-25,E,GLAUKOS CORP,GKOS
024008,P,LU,76656,10925,1991-05-08,2007-06-29,MEDIMMUNE INC,MEDI.1
024021,P,LU,76837,2075,1991-05-10,E,HAEMONETICS CORP,HAE
024032,P,LU,76638,29019,1991-05-16,2014-04-30,JONES GROUP INC,JNY
024040,P,LU,76661,10937,1991-05-17,E,IONIS PHARMACEUTICALS INC,IONS
024071,P,LC,15410,55298,2015-06-26,E,APPFOLIO INC,APPF
024076,P,LC,15535,55366,2015-07-16,E,OLLIE'S BARGAIN OUTLET HLDGS,OLLI
024083,P,LC,19506,57143,2020-07-29,E,VERTEX INC,VERX
024110,P,LU,76693,10965,1991-06-06,2007-01-31,ICOS CORP,ICOS
024113,P,LC,76695,10968,1991-06-07,2017-07-17,PANERA BREAD CO,PNRA
024135,P,LC,15409,55297,2015-06-26,E,ALARM.COM HOLDINGS INC,ALRM
024157,P,LC,76856,10905,1991-06-10,E,FIRSTCASH HOLDINGS INC,FCFS
024166,P,LC,76697,10972,1991-06-11,1994-01-30,QUAL-MED INC/DE,MQ.
024171,P,LC,90751,46874,2011-05-26,E,DESIGNER BRANDS INC,DBI
024176,P,LC,15534,55365,2015-07-02,E,NATERA INC,NTRA
024186,P,LC,76702,10980,1991-06-18,2007-06-13,OSI RESTAURANT PARTNERS INC,OSI.4
024187,P,LC,89306,42783,2002-02-08,2005-07-28,NEIGHBORCARE INC,NCRX
024190,P,LC,88275,10986,2000-05-23,2005-09-16,INTEGRATED CIRCUIT SYSTEMS,ICST
024191,P,LC,76706,10990,1991-06-20,2009-09-01,MEDAREX INC,MEDX.1
024197,P,LU,76709,10989,1991-06-21,E,IDEXX LABS INC,IDXX
024216,P,LC,76712,10996,1991-06-26,E,AES CORP (THE),AES
024220,P,LU,76716,10999,1991-06-27,2002-02-28,COR THERAPEUTICS INC,CORR.1
024225,P,LU,76721,11003,1991-06-28,E,CORVEL CORP,CRVL
024232,P,LU,76684,10954,1991-06-04,E,HANCOCK WHITNEY CORP,HWC
024233,P,LU,76722,11001,1991-06-28,2022-03-31,STATE AUTO FINANCIAL CORP,STFC
024249,P,LC,15585,55379,2015-07-01,E,TELADOC HEALTH INC,TDOC
024283,P,LC,86590,34987,1999-02-05,2011-03-08,BIG HEART PET BRANDS,0161A
024287,P,LC,76757,29052,1991-07-11,2010-11-08,OCTAVE SPECIALTY GROUP INC,OSG
024302,P,LC,76736,11023,1991-07-16,E,ALKERMES PLC,ALKS
024316,P,LC,88031,7902,1990-11-08,E,MONSTER BEVERAGE CORP,MNST
024344,P,LU,76744,11042,1991-07-24,E,VERTEX PHARMACEUTICALS INC,VRTX
024350,P,LU,76750,11052,1991-07-30,E,MONRO INC,MNRO
024352,P,LU,76752,11050,1991-07-30,E,PROGRESS SOFTWARE CORP,PRGS
024361,P,LC,76799,11058,1991-08-12,2002-03-26,PTV INC,PTVI
024363,C,LC,90277,13691,2004-07-23,2011-07-29,BUCYRUS INTERNATIONAL INC,BUCY
024379,P,LU,76804,29067,1991-08-07,E,MGIC INVESTMENT CORP/WI,MTG
024381,P,LU,76779,11070,1991-08-07,2004-07-30,OXFORD HEALTH PLANS INC,OHP
024396,P,LC,76788,11083,1991-08-13,2022-06-30,TIVITY HEALTH INC,TVTY
024397,P,LC,76789,11087,1991-08-13,2004-10-29,COMMUNITY FIRST BANKSHARES,CFBX
024405,P,LU,76795,11092,1991-08-15,E,ZEBRA TECHNOLOGIES CP  -CL A,ZBRA
024409,P,LC,76792,11088,1991-08-14,2010-07-29,SYBASE INC,SY.3
024415,P,LC,14106,54515,2015-12-02,2021-01-29,BMC STOCK HOLDINGS INC,BMCH
024436,P,LC,76999,11056,1991-08-01,E,THQ INC,THQIQ
024437,P,LC,15494,55346,2015-07-22,2018-04-30,BLUE BUFFALO PET PRODUCTS,BUFF.2
024440,P,LU,76838,11103,1991-09-04,E,PROASSURANCE CORP,PRA
024447,P,LU,76892,11106,1991-09-05,E,BOK FINANCIAL CORP,BOKF
024463,P,LU,76839,11111,1991-09-16,E,NATIONAL BEVERAGE CORP,FIZZ
024466,P,LU,81564,13657,1995-04-07,2020-07-31,IBERIABANK CORP,IBKC
024468,P,LC,76841,11112,1991-09-17,E,BIOGEN INC,BIIB
024473,P,LU,76845,11117,1991-09-20,2009-10-30,SEPRACOR INC,SEPR
024481,P,LC,15649,55402,2015-10-01,E,MADISON SQUARE GARDEN SPORTS,MSGS
024486,P,LC,77204,11131,1991-10-01,2004-06-30,BARRA INC,BARZ.
024501,P,LC,15541,55370,2015-07-17,E,RAPID7 INC,RPD
024539,C,LC,89213,42398,2001-11-21,2017-09-11,VCA INC,WOOF.1
024601,P,LC,15651,55404,2015-10-01,E,CSW INDUSTRIALS INC,CSW
024607,P,LC,77063,29110,1991-10-18,2007-12-31,MANOR CARE INC,HCR.1
024616,P,LC,15488,55341,2015-07-20,E,PAYPAL HOLDINGS INC,PYPL
024617,P,LU,77037,11161,1991-10-24,E,OLD DOMINION FREIGHT,ODFL
024620,P,LC,85426,32110,1997-10-08,E,RYMAN HOSPITALITY PPTYS INC,RHP
024638,P,LC,15478,55335,2015-06-25,E,TRANSUNION,TRU
024699,P,LU,77103,11209,1991-11-19,2008-11-28,IMCLONE SYSTEMS INC,IMCL.1
024747,P,LC,77163,11229,1991-12-03,2009-11-06,CENTENNIAL COMMUN CP  -CL A,CYCL.1
024750,P,LC,77217,11235,2011-07-26,E,WISDOMTREE INC,WT
024750,P,LC,77217,11235,1991-12-04,2001-05-22,WISDOMTREE INC,WT
024757,P,LU,80248,12827,1994-02-08,2001-05-31,POWERTEL INC,PTEL.
024782,P,LU,77182,11257,1991-12-17,E,PERRIGO CO PLC,PRGO
024783,P,LU,77191,4589,1991-12-17,E,TETRA TECH INC,TTEK
024795,P,LU,77175,11248,1991-12-12,E,AMERICAN SUPERCONDUCTOR CP,AMSC
024800,P,LU,77178,11253,1991-12-13,E,QUALCOMM INC,QCOM
024803,P,LC,77173,11247,2011-03-02,2015-04-30,VITESSE SEMICONDUCTOR CORP,VTSS
024803,P,LC,77173,11247,1991-12-11,2006-06-27,VITESSE SEMICONDUCTOR CORP,VTSS
024810,P,LC,86106,29374,1992-01-02,2018-12-31,ENBRIDGE ENERGY PRTNRS  -LP,EEP
024843,P,LU,77264,11286,1992-01-17,E,AMYLIN PHARMACEUTICALS INC,AMLN
024856,P,LU,77274,11300,1992-01-22,E,GILEAD SCIENCES INC,GILD
024861,P,LC,15627,55386,2015-08-06,E,PLANET FITNESS INC,PLNT
024870,P,LC,77284,11313,1992-01-28,2005-08-31,NEXTEL COMMUNICATIONS INC,NXTL
024878,P,LC,77292,11316,1992-01-29,2020-12-31,PDL BIOPHARMA INC,PDLI
024893,P,LC,77281,11310,1992-01-23,2017-08-25,WHOLE FOODS MARKET INC,WFM
024905,P,LC,15643,55396,2015-08-05,E,SUNRUN INC,RUN
024925,P,LU,77338,11344,1992-02-13,E,ROPER TECHNOLOGIES INC,ROP
024975,P,LU,77357,11361,1992-02-26,E,SYNOPSYS INC,SNPS
024978,P,LU,77366,29432,1992-02-28,E,CALLAWAY GOLF CO,CALY
024982,P,LU,77362,11365,1992-02-28,E,LIFECELL CORP,LIFC
025021,P,LC,77461,29464,1992-03-11,2014-02-04,VALASSIS COMMUNICATIONS INC,VCI
025056,C,LC,77418,11412,1992-03-19,2018-06-15,TIME WARNER INC,TWX
025062,P,LU,77421,11416,1992-03-19,2012-08-31,LINCARE HOLDINGS INC,LNCR
025080,P,LU,77426,11418,1992-03-20,2007-08-31,BISYS GROUP INC,BSG.Z
025099,P,LU,77472,29450,1992-03-27,2007-10-31,CATALINA MARKETING CORP,POS
025110,P,LU,77447,11440,1992-03-31,E,ICU MEDICAL INC,ICUI
025119,P,LU,77496,11446,1992-04-01,E,MOHAWK INDUSTRIES INC,MHK
025124,P,LC,77768,29540,1992-07-06,2018-10-30,LINDE PLC,LIN
025146,P,LC,90197,45268,2004-06-16,2007-04-20,ADESA INC,KAR.1
025157,P,LC,77546,29476,1992-04-09,2007-09-24,FIRST DATA CORP,FDC
025157,P,LC,15703,55419,2015-10-15,2019-07-31,FIRST DATA CORP,FDC
025167,P,LC,77516,11470,1992-04-15,2020-12-02,TAILORED BRANDS INC -REDH,MENW
025180,P,LU,77520,11473,1992-04-16,E,AGCO CORP,AGCO
025216,P,LC,77575,11501,2008-07-17,2011-04-01,MEDQUIST INC,MEDQ
025216,P,LC,77575,11501,1992-05-05,2004-06-15,MEDQUIST INC,MEDQ
025219,P,LC,15623,55384,2015-08-13,E,HOULIHAN LOKEY INC,HLI
025234,P,LU,77584,11506,1992-05-08,E,BUCKLE INC,BKE
025274,C,LC,77610,11522,1992-05-14,E,UNIVERSAL DISPLAY CORP,OLED
025279,P,LU,77605,29489,1992-05-19,E,BOSTON SCIENTIFIC CORP,BSX
025283,P,LU,77606,29494,1992-05-19,E,KOHL'S CORP,KSS
025296,P,LC,77608,29493,1992-05-20,2007-11-13,NUVEEN INVESTMENTS INC,6051B
025313,P,LC,77649,11547,1992-06-01,E,STERIS PLC,STE
025338,P,LU,77659,11558,1992-06-05,2023-09-30,BED BATH & BEYOND INC (OLD),BBBYQ
025339,P,LU,77660,11561,1992-06-05,E,CREDIT ACCEPTANCE CORP,CACC
025340,P,LU,77661,11559,1992-06-05,E,D R HORTON INC,DHI
025341,P,LC,77662,11560,1992-06-05,2007-06-11,KRONOS INC,KRON.1
025348,P,LC,15533,55364,2015-07-28,2021-03-09,NANTKWEST INC,NK
025349,P,LC,15638,55393,2015-08-12,2022-10-31,GLOBAL BLOOD THERAPEUTICS,GBT
025355,P,LU,77667,11567,1992-06-09,2007-10-31,ARROW INTERNATIONAL INC,ARRO
025356,P,LC,77668,11569,1992-06-09,2018-12-31,EXPRESS SCRIPTS HOLDING CO,ESRX
025376,P,LC,77679,11576,1992-06-16,2023-02-28,COLUMBIA BNKING SYS INC -OLD,COLB.1
025389,P,LC,89810,44272,2003-08-11,E,GRAPHIC PACKAGING HOLDING CO,GPK
025405,C,LC,84776,31975,1997-05-16,2018-06-05,GENERAL CABLE CORP/DE,BGC.1
025422,J,LX,77708,29517,1998-04-30,2002-01-31,ULTRAMAR DIAMOND SHAMROCK,UDS
025422,P,LU,77708,29517,1992-06-26,2002-01-31,ULTRAMAR DIAMOND SHAMROCK,UDS
025424,P,LC,15785,55394,2015-11-14,2023-11-30,HOSTESS BRANDS INC,TWNK
025430,P,LC,77699,11591,1992-06-25,E,FUELCELL ENERGY INC,FCEL
025434,P,LU,77702,11592,1992-06-26,E,STARBUCKS CORP,SBUX
025495,P,LC,90352,30882,2012-10-03,2018-04-30,DYNEGY INC,DYN.2
025495,P,LC,90352,30882,2000-02-02,2012-07-05,DYNEGY INC,DYN.2
025509,P,LC,77763,11606,2019-12-26,2021-02-04,SUPERIOR ENERGY SERVICES INC,SPNX
025509,P,LC,77763,11606,1992-07-07,2019-09-26,SUPERIOR ENERGY SERVICES INC,SPNX
025572,P,LU,77785,11621,1992-07-16,E,ENCORE WIRE CORP,WIRE
025579,P,LU,77787,11620,1992-07-16,2012-04-30,ZOLL MEDICAL CORP,ZOLL
025632,P,LC,92502,52845,2009-11-17,E,KENNEDY-WILSON HOLDINGS INC,KW
025645,P,LC,19413,57098,2020-06-26,E,ALBERTSONS COS INC,ACI
025737,P,LU,77902,11706,1992-09-18,E,CHEESECAKE FACTORY INC,CAKE
025747,P,LU,77918,11709,1992-09-22,E,LITTELFUSE INC,LFUS
025749,P,LU,77917,11713,1992-09-22,E,EVERFORTH INC,EFOR
025756,P,LC,15729,55429,2015-10-07,E,EVERPURE INC,P
025772,P,LC,15782,55406,2015-10-16,2017-11-29,DOUBLE EAGLE ACQUISITION CRP,EAGL.3
025774,P,LU,77971,11729,1992-10-02,2019-07-31,ELECTRONICS FOR IMAGING INC,EFII
025783,P,LC,77976,11735,1992-10-06,2011-02-28,MCAFEE INC,MFE
025807,P,LC,77803,29530,1992-07-22,2006-08-31,GTECH HOLDINGS CORP,GTK
025848,P,LC,78001,11757,2010-06-22,2020-06-30,KEMET CORP,KEM.2
025848,P,LC,78001,11757,1992-10-21,2009-01-08,KEMET CORP,KEM.2
025870,P,LU,78015,29610,1992-10-23,E,MINERALS TECHNOLOGIES INC,MTX
025877,P,LU,78033,11780,1992-10-28,2015-10-30,HCC INSURANCE HOLDINGS INC,HCC.1
025880,P,LU,78034,11778,1992-10-28,2025-04-30,PATTERSON COS INC,PDCO
025893,P,LC,16082,55580,2016-05-31,E,SITEONE LANDSCAPE SUPPLY INC,SITE
025895,P,LU,78038,29602,1992-10-30,E,RADIAN GROUP INC,RDN
025898,P,LC,15795,55468,2015-10-01,E,SURGERY PARTNERS INC,SGRY
025906,P,LC,78051,11786,1992-11-03,2014-08-14,QUESTCOR PHARMACEUTICALS INC,QCOR
025922,P,LU,78077,29710,1992-11-09,E,KADANT INC,KAI
025937,P,LC,78081,11806,1994-11-25,E,LIGAND PHARMACEUTICAL INC,LGND
025937,C,LC,78081,11806,1994-11-01,1994-11-24,LIGAND PHARMACEUTICAL INC,LGND
025937,P,LC,78081,11806,1992-11-18,1994-10-31,LIGAND PHARMACEUTICAL INC,LGND
025944,P,LU,78083,11809,1992-11-19,2005-01-31,PEOPLESOFT INC,PSFT.
025964,P,LC,91402,29717,2006-07-26,E,CHART INDUSTRIES INC,GTLS
025978,P,LC,78179,11834,2014-03-19,2017-08-31,MRV COMMUNICATIONS INC,MRVC
025978,P,LC,78179,11834,1992-12-08,2009-06-16,MRV COMMUNICATIONS INC,MRVC
026011,P,LC,78139,11860,1992-12-16,2014-12-15,COMPUWARE CORP,CPWR.1
026012,P,LU,78172,11855,1992-12-16,2019-01-31,BLACK BOX CORP,BBOX
026013,P,LC,78170,11857,1992-12-16,E,SM ENERGY CO,SM
026021,P,LC,78137,11865,1992-12-17,2021-04-30,SEACOR HOLDINGS INC,CKH
026022,C,LU,78804,29732,1992-12-17,2011-01-03,STUDENT LOAN CORP,STU.2
026037,P,LU,78156,11871,1992-12-18,2021-04-30,HMS HOLDINGS CORP,HMSY
026042,N,LX,88481,38384,2000-08-09,2001-11-30,C-MAC INDUSTRIES INC,EMS.2
026042,P,LC,88481,38384,2000-08-09,2001-11-30,C-MAC INDUSTRIES INC,EMS.2
026061,P,LC,78840,11901,1993-01-19,2020-06-30,MATCH GROUP INC,MTCH
026061,P,LC,15850,55487,2020-07-01,E,MATCH GROUP INC,MTCH
026069,C,LC,91128,50323,2006-02-28,2020-11-25,GULFPORT ENERGY CORP,GPOR
026069,P,LC,21219,50323,2021-05-18,E,GULFPORT ENERGY CORP,GPOR
026147,P,LC,15694,55417,2015-09-18,E,PENUMBRA INC,PEN
026156,P,LC,15707,55421,2015-11-02,E,HEWLETT PACKARD ENTERPRISE,HPE
026162,P,LC,16562,55847,2017-01-26,E,ANAPTYSBIO INC,ANAB
026269,P,LC,15788,55462,2015-10-29,2020-11-30,MYOKARDIA INC,MYOK
026304,P,LC,15797,55470,2015-11-30,2018-04-30,CSRA INC,CSRA.1
026305,P,LC,16591,12654,2017-02-01,E,LAUREATE EDUCATION INC,LAUR
026349,P,LC,15831,55477,2015-11-19,E,AXSOME THERAPEUTICS INC,AXSM
026359,P,LC,17104,56148,2017-11-09,E,APELLIS PHARMACEUTICALS,APLS
026367,P,LC,15826,55474,2015-11-19,E,BLOCK INC,XYZ
026381,P,LC,15850,55487,2015-11-19,2020-06-30,MATCH GROUP INC -OLD,MTCH.5
026494,P,LC,15909,55509,2015-12-10,E,ATLASSIAN CORP,TEAM
026495,P,LC,15921,55517,2016-03-04,2022-07-29,WELBILT INC,WBT
026567,P,LC,91437,51184,2019-10-15,E,FREEDOM HOLDING CORP,FRHC
026590,P,LC,16087,55585,2016-07-05,E,FORTIVE CORP,FTV
026658,P,LC,15859,55493,2015-12-17,2025-01-31,AVANGRID INC,AGR
026709,P,LC,16279,55687,2016-10-03,2019-10-31,VERSUM MATERIALS INC,VSM
026722,P,LC,16051,55562,2016-05-31,2021-03-31,ACACIA COMMUNICATIONS INC,ACIA
026725,P,LC,16688,55924,2017-04-19,E,YANGTZE RIV PORT & LGSTC LTD,YRIV
026746,P,LC,16304,55697,2016-09-30,E,NUTANIX INC,NTNX
026749,P,LC,91575,51423,2016-07-01,E,HERC HOLDINGS INC,HRI
026818,P,LC,15934,55519,2016-02-11,2018-05-31,AVEXIS INC,AVXS
026839,P,LC,21597,58502,2021-07-15,E,PHILLIPS EDISON & CO INC,PECO
026864,P,LC,16021,55527,2016-04-15,E,PERMIAN RESOURCES CORP,PR
026874,P,LC,15937,55521,2016-02-03,E,EDITAS MEDICINE INC,EDIT
026892,P,LC,16068,55572,2016-05-31,2023-09-29,REATA PHARMACEUTICALS INC,RETA
027014,P,LC,16119,55595,2016-06-10,E,ATKORE INC,ATKR
027054,P,LC,16429,55773,2016-11-07,2019-07-31,LIBERTY EXPEDIA HOLDINGS INC,LEXEA
027119,P,LC,16044,55557,2016-05-16,E,INGEVITY CORP,NGVT
027148,P,LC,16149,55607,2016-07-15,2017-06-30,ADVANCEPIERRE FOODS HOLDINGS,APFH
027155,P,LC,16064,55568,2016-05-31,E,INTELLIA THERAPEUTICS INC,NTLA
027187,P,LC,14811,54311,2018-01-01,E,LIBERTY MEDIA FORMULA ONE,FWONK
027187,J,LC,14811,54311,2016-04-18,2017-12-31,LIBERTY MEDIA FORMULA ONE,FWONK
027187,J,LC,13757,54311,2018-01-01,E,LIBERTY MEDIA FORMULA ONE,FWONK
027187,P,LC,13757,54311,2016-04-18,2017-12-31,LIBERTY MEDIA FORMULA ONE,FWONK
027215,P,LC,23506,59433,2022-12-01,E,F&G ANNUITIES & LIFE INC,FG
027245,P,LC,16073,55575,2016-05-31,2018-08-31,COTIVITI HOLDINGS INC,COTV
027364,P,LC,16140,55601,2016-06-23,E,TWILIO INC,TWLO
027373,P,LC,16338,55711,2016-09-23,E,VALVOLINE INC,VVV
027386,P,LC,16554,55841,2017-01-27,E,JELD-WEN HOLDING INC,JELD
027387,P,LC,16182,55623,2016-07-21,E,IMPINJ INC,PI
027393,P,LC,16498,55806,2017-01-04,E,HILTON GRAND VACATIONS,HGV
027394,P,LC,16499,55807,2017-01-04,E,PARK HOTELS & RESORTS,PK
027575,P,LC,16434,55775,2016-10-28,E,ACUSHNET HOLDINGS CORP,GOLF
027576,P,LC,16284,55614,2016-09-06,E,SIMPLY GOOD FOODS COMPANY,SMPL
027638,P,LC,16347,55718,2016-11-01,E,ALCOA CORP,AA
027652,P,LC,16171,55617,2016-07-28,E,KINSALE CAPITAL GROUP INC,KNSL
027653,P,LC,18145,56542,2018-10-25,E,YETI HOLDINGS INC,YETI
027665,P,LC,16253,55670,2016-08-04,E,FIRST HAWAIIAN INC,FHB
027670,P,LC,16263,55673,2016-08-11,E,PROTAGONIST THERAPEUTICS INC,PTGX
027677,P,LC,16402,55761,2021-01-21,2021-11-30,EXTRACTION OIL & GAS INC,XOG
027677,P,LC,16402,55761,2016-10-12,2020-06-24,EXTRACTION OIL & GAS INC,XOG
027716,P,LC,91832,51819,2016-07-25,E,MADRIGAL PHARMACEUTICALS INC,MDGL
027760,P,LC,86889,16506,1999-05-05,2024-03-04,BOWFLEX INC,BFXXQ
027760,N,LX,86889,16506,1999-05-05,1999-05-31,BOWFLEX INC,BFXXQ
027766,P,LC,83583,31650,1996-05-21,2004-11-30,WELLPOINT HEALTH NETWRKS INC,WLP.1
027786,P,LC,78877,11937,1993-02-05,2020-06-26,EXPAND ENERGY CORP,EXE
027786,P,LC,20583,11937,2021-02-10,E,EXPAND ENERGY CORP,EXE
027794,P,LC,78875,11946,2025-09-29,E,WOLFSPEED INC,WOLF
027794,C,LC,78875,11946,2025-09-01,2025-09-28,WOLFSPEED INC,WOLF
027794,P,LC,78875,11946,1993-02-09,2025-08-31,WOLFSPEED INC,WOLF
027816,P,LC,78889,11948,1993-02-10,2011-12-01,GLOBAL INDUSTRIES LTD,GLBL.1
027819,P,LC,16400,55675,2016-10-31,2018-12-27,STELLAR ACQUISITION III INC,STLR.1
027841,P,LC,18224,56578,2018-11-09,E,ALPHA METALLURGICAL RESOURCE,AMR
027845,P,LC,78916,11965,1993-02-17,2020-05-29,ALLERGAN PLC,AGN
027874,P,LC,16287,55692,2016-09-16,2024-07-31,EVERBRIDGE INC,EVBG
027882,P,LC,82640,29559,1995-11-02,2011-07-29,PRIMEDIA INC,PRM.2
027885,P,LC,16309,55701,2016-09-21,E,TRADE DESK INC,TTD
027907,P,LC,16318,55704,2016-09-22,E,E.L.F. BEAUTY INC,ELF
027914,P,LC,48653,20950,1993-03-08,E,HUMANA INC,HUM
027925,P,LC,78955,12009,1993-04-30,2023-11-30,AVID TECHNOLOGY INC,AVID
027928,P,LC,78975,12011,1993-03-12,E,INTUIT INC,INTU
027937,P,LU,78999,12013,1993-03-16,2016-09-30,PACIFIC SUNWEAR CALIF INC,PSUNQ
027965,P,LC,78987,12027,1993-03-19,E,MICROCHIP TECHNOLOGY INC,MCHP
027980,P,LC,78977,12037,1993-04-06,2016-04-15,JARDEN CORP,JAH
027981,P,LU,78963,12036,1993-03-24,2024-01-31,CHICOS FAS INC,CHS
028018,C,LC,78972,12053,2010-11-01,2010-11-22,GYMBOREE CORP,0160A
028018,P,LC,78972,12053,1993-03-31,2010-10-31,GYMBOREE CORP,0160A
028022,P,LU,79072,12058,1993-04-01,E,BANCFIRST CORP/OK,BANF
028084,P,LC,16382,55747,2016-10-06,2023-03-31,COUPA SOFTWARE INC,COUP
028093,P,LC,23273,59363,2022-08-31,E,ADDENTAX GROUP CORP,ATXG
028118,P,LC,79089,12074,1993-04-08,E,FOSSIL GROUP INC,FOSL
028139,P,LU,79108,12083,1993-04-14,E,SANMINA CORP,SANM
028145,P,LU,79121,12084,1993-04-15,2009-07-31,WIND RIVER SYSTEMS INC,WIND.1
028176,P,LU,79133,29805,1993-04-23,E,APTARGROUP INC,ATR
028180,P,LU,79103,12097,1993-04-23,E,O'REILLY AUTOMOTIVE INC,ORLY
028192,P,LC,24643,20060,2016-11-01,E,HOWMET AEROSPACE INC,HWM
028194,P,LC,88597,39140,2000-09-13,E,AVIENT CORP,AVNT
028195,P,LU,79094,12108,1993-04-29,E,JABIL INC,JBL
028216,P,LC,79210,29863,1993-05-04,E,REINSURANCE GROUP AMER INC,RGA
028256,P,LC,79212,29842,1993-05-12,2010-06-25,XTO ENERGY INC,XTO
028296,P,LU,79159,12146,1993-05-20,2017-04-28,CLAYTON WILLIAMS ENERGY INC,CWEI
028317,P,LC,79192,12158,1993-05-25,2007-11-07,STATION CASINOS INC,STN.1
028320,P,LC,79157,12165,1993-05-27,2007-10-12,CDW CORP,CDW
028320,P,LC,13949,54426,2013-06-27,E,CDW CORP,CDW
028342,P,LU,79254,12170,1993-06-01,2007-06-29,SKY FINANCIAL GROUP INC,SKYF.
028349,P,LC,79323,29870,1993-06-03,E,ALLSTATE CORP,ALL
028367,P,LC,16386,55752,2016-10-20,E,IRHYTHM HOLDINGS INC,IRTC
028397,P,LU,79299,12185,1993-06-08,E,PAPA JOHNS INTERNATIONAL INC,PZZA
028420,P,LC,16381,55746,2016-10-28,E,BLACKLINE INC,BL
028470,P,LC,16398,55758,2016-10-26,2020-04-30,RA PHARMACEUTICALS INC,RARX
028477,P,LU,79265,12214,1993-06-22,2021-05-28,FLIR SYSTEMS INC,FLIR
028499,P,LC,16343,55716,2016-11-01,E,YUM CHINA HOLDINGS INC,YUMC
028564,P,LC,79444,29930,2017-03-01,2018-05-09,STONE ENERGY CORP,SGY
028564,P,LC,79444,29930,1993-07-09,2017-02-28,STONE ENERGY CORP,SGY
028590,C,LC,18649,21414,1993-07-27,E,BRINKS CO,BCO
028590,C,LC,18649,21414,1962-01-31,1980-12-31,BRINKS CO,BCO
028590,C,LC,18649,21414,1950-01-01,1962-01-30,BRINKS CO,BCO
028600,P,LU,79392,12277,1993-07-16,2005-04-29,HOLLYWOOD ENTERTAINMENT CORP,HLYW
028622,P,LU,79366,12291,1993-07-21,2005-11-15,FLYI INC,FLYIQ
028637,P,LU,79428,12297,1993-07-22,2005-06-30,UNITEDGLOBALCOM INC  -CL A,UCOMA
028648,P,LU,79411,12305,1993-07-23,2015-03-31,PETSMART INC,PETM
028701,C,LC,28353,21485,1993-08-02,2001-12-12,RALSTON PURINA CO,RAL.
028719,P,LC,16497,55805,2017-01-03,E,CONDUENT INC,CNDT
028742,P,LU,79545,29936,1993-08-13,E,BORGWARNER INC,BWA
028744,P,LU,79505,12359,1993-08-13,2006-07-31,MANUGISTICS GROUP INC,MANU.1
028787,P,LC,79517,12375,1993-08-25,2008-05-23,PERFORMANCE FOOD GROUP CO,PFGC
028787,P,LC,15724,55428,2015-10-01,E,PERFORMANCE FOOD GROUP CO,PFGC
028790,P,LC,16431,55778,2016-11-10,E,LAMB WESTON HOLDINGS INC,LW
028806,C,LC,80069,12204,2004-09-03,E,ARROWHEAD PHARMACEUTICAL INC,ARWR
028806,C,LC,80069,12204,1993-12-14,1994-07-20,ARROWHEAD PHARMACEUTICAL INC,ARWR
028853,P,LC,79564,12407,1993-09-17,E,ARRIS INTERNATIONAL PLC,ARRS
028858,P,LC,79617,12408,1993-09-17,2008-12-01,PHILADELPHIA CONS HLDG CORP,PHLY
028877,P,LC,79588,12415,1993-09-21,2016-03-02,KEURIG DR PEPPER INC,KDP
028877,P,LC,17942,56438,2018-07-10,E,KEURIG DR PEPPER INC,KDP
028924,P,LU,79667,29955,1993-09-28,2019-08-30,BARNES & NOBLE INC,BKS
028930,P,LC,85913,30005,1998-05-01,E,MARRIOTT INTL INC,MAR
028930,J,LC,85913,30005,1998-03-30,1998-04-30,MARRIOTT INTL INC,MAR
028940,P,LC,79668,29956,1993-09-30,E,BELDEN INC,BDC
029001,P,LU,79724,12473,1993-10-13,2015-10-30,OM GROUP INC,OMG
029011,P,LU,79758,29992,1993-10-15,E,BOYD GAMING CORP,BYD
029015,P,LU,79686,12484,1993-10-15,E,DECKERS OUTDOOR CORP,DECK
029028,P,LC,87055,7882,1993-10-22,E,COSTCO WHOLESALE CORP,COST
029085,P,LC,79683,12515,1993-10-28,2008-08-29,CREDENCE SYSTEMS CORP,CMOS
029095,P,LU,79718,12522,1993-10-29,2006-01-03,MERCURY INTERACTIVE CORP,MERQ.1
029101,P,LU,79824,12525,1993-11-01,E,FIRST FINL BANKSHARES INC,FFIN
029108,P,LU,79857,12530,1993-11-02,E,PATTERSON-UTI ENERGY INC,PTEN
029127,P,LU,79906,30033,1993-11-04,E,INCYTE CORP,INCY
029133,P,LU,79839,12539,1993-11-05,E,ITRON INC,ITRI
029143,P,LU,79795,12549,1993-11-09,E,AMERISTAR CASINOS INC,ASCA.1
029150,P,LU,79881,12546,1993-11-09,E,URBAN OUTFITTERS INC,URBN
029156,P,LC,79878,12553,1993-11-10,E,UFP INDUSTRIES INC,UFPI
029169,P,LU,79908,30035,1993-11-12,2001-11-30,LOUIS DREYFUS NAT GAS CORP,LD.1
029173,P,LU,79915,30044,1993-11-12,2019-02-28,OVINTIV EXPLORATION INC,NFX.1
029217,P,LU,79866,12574,1993-11-16,2025-07-31,RADIUS RECYCLING INC,RDUS
029227,P,LD,79788,12586,1993-11-17,1998-12-31,ALLIED CAPITAL CORP-OLD,ALLC.1
029241,P,LC,79879,12583,1993-11-17,E,VIAVI SOLUTIONS INC,VIAV
029246,P,LU,79796,12591,1993-11-18,2017-09-30,ASTORIA FINANCIAL CORP,AF
029264,P,LC,79922,30050,1993-11-19,E,TALBOTS INC,TLB
029278,P,LU,79847,12604,1993-11-23,2011-02-28,MARTEK BIOSCIENCES CORP,MATK
029282,P,LC,79859,12608,1993-11-23,E,FLAGSTAR BANK NA,FLG
029312,P,LU,79977,12630,1993-12-02,E,HUMAN GENOME SCIENCES INC,HGSI
029345,P,LU,79973,12646,1993-12-08,2007-10-31,GATEWAY INC,GTW
029347,P,LU,80104,30090,1993-12-08,2001-05-31,UTI ENERGY CORP,UTI.1
029353,P,LC,80032,12651,1993-12-09,2013-02-28,SHAW GROUP INC,SHAW
029356,P,LC,80055,12656,1993-12-09,2005-07-29,VERITAS SOFTWARE CORP,VRTS.1
029381,P,LC,79991,12667,1993-12-13,2005-12-30,MACROMEDIA INC,MACR.
029382,P,LU,80034,12669,1993-12-13,E,MADDEN STEVEN LTD,SHOO
029386,P,LC,80049,12675,1993-12-14,2014-12-31,TRIQUINT SEMICONDUCTOR INC,TQNT
029392,P,LU,80080,30070,1994-01-04,E,EASTMAN CHEMICAL CO,EMN
029453,C,LC,84723,15434,2001-03-05,E,CHENIERE ENERGY INC,LNG
029453,C,LC,84723,15434,1997-04-11,2000-12-13,CHENIERE ENERGY INC,LNG
029473,P,LC,16631,55850,2017-03-06,2018-10-17,GORES HOLDINGS II INC,GSHT
029492,P,LC,79956,12733,1993-12-28,2008-06-04,COMMERCE GROUP INC/MA,CGI.1
029511,P,LC,80079,30069,1994-01-25,2015-12-08,CYTEC INDUSTRIES INC,CYT.1
029565,P,LC,16553,55840,2017-01-27,2020-01-31,JAGGED PEAK ENERGY INC,JAG.1
029609,P,LU,80167,12569,1994-01-20,E,HAIN CELESTIAL GROUP INC,HAIN
029621,P,LC,80114,12793,1994-01-25,2025-01-31,STEEL CONNECT INC,STCN
029645,P,LU,80127,12807,1994-01-28,2004-10-29,GREENPOINT FINANCIAL CORP,GPT.1
029677,P,LU,80249,12818,1994-02-03,2004-02-27,IGEN INC,IGEN.
029710,P,LC,76697,10972,1994-01-31,2016-03-23,HEALTH NET INC,HNT
029733,P,LC,80204,30260,1994-02-17,E,MARTIN MARIETTA MATERIALS,MLM
029736,P,LU,80286,12863,1994-02-18,E,TRACTOR SUPPLY CO,TSCO
029751,P,LU,80191,30249,1994-03-11,E,ALBEMARLE CORP,ALB
029755,P,LC,80193,30251,1994-02-23,E,BEAZER HOMES USA INC,BZH
029791,P,LC,80266,12884,1994-02-28,2016-08-16,QLOGIC CORP,QLGC
029819,P,LC,16544,55837,2017-02-02,2018-03-29,BIOVERATIV INC,BIVV
029830,P,LC,80361,12895,1994-03-03,2015-07-01,WESTROCK CO,WRK
029830,P,LC,21186,21913,2015-07-02,2024-07-31,WESTROCK CO,WRK
029887,P,LC,93223,53326,2010-01-04,2016-01-29,TOWERS WATSON & CO,TW.3
029887,P,LC,88681,40158,2000-10-11,2009-12-31,TOWERS WATSON & CO,TW.3
029899,P,LU,80369,12923,1994-03-16,2006-11-30,TEXAS REGL BCSHS INC  -CL A,TRBS
029901,P,LU,80320,12926,1994-03-17,E,COPART INC,CPRT
029909,P,LC,89310,12929,2002-02-22,2006-10-26,PETCO ANIMAL SUPPLIES INC,PETC
029942,P,LC,84584,31929,1997-02-14,2013-01-31,RALCORP HOLDINGS INC,RAH
029968,P,LU,80303,12961,1994-03-30,2020-03-31,AK STEEL HOLDING CORP,AKS
030007,P,LC,80485,12981,1994-04-07,2020-07-16,VIVUS INC,VVUSQ
030032,P,LC,80415,30381,1994-04-12,E,EAGLE MATERIALS INC,EXP
030059,P,LU,80432,13001,1994-04-14,E,AMERN EAGLE OUTFITTERS INC,AEO
030076,P,LC,16632,55886,2017-03-01,E,HAMILTON LANE INC,HLNE
030091,P,LC,16595,55867,2017-03-02,E,SNAP INC,SNAP
030095,P,LU,80470,13012,1994-04-21,2003-09-30,QUINTILES TRANSNATIONAL CORP,0573B
030098,P,LC,80446,13008,1994-04-25,2013-07-31,INGERSOLL RAND INC,IR
030098,P,LC,16692,55928,2017-06-01,E,INGERSOLL RAND INC,IR
030098,C,LC,16692,55928,2017-05-12,2017-05-31,INGERSOLL RAND INC,IR
030128,P,LC,80599,21606,1994-05-31,2008-09-17,LEHMAN BROTHERS HOLDINGS INC,LEHMQ
030137,P,LC,80539,13036,1994-05-03,E,NEKTAR THERAPEUTICS,NKTR
030146,P,LC,46392,6496,1999-04-28,2019-03-01,INVESTMENT TECHNOLOGY GP INC,ITG.3
030152,P,LC,80504,13046,1994-05-05,2008-05-13,SUN-TIMES MEDIA GROUP INC,SUTMQ
030161,P,LC,80568,13049,1994-05-05,2013-02-21,PSS WORLD MEDICAL INC,PSSI
030219,P,LC,80592,30401,1994-05-18,2015-10-30,BLYTH INC,BTH
030222,P,LU,80498,13092,1994-05-19,E,AMERIS BANCORP,ABCB
030234,P,LU,80557,13097,1994-06-10,2013-06-28,MCMORAN EXPLORATION CO,MMR
030241,P,LC,89790,3021,2017-02-10,2024-10-31,TELLURIAN INC,TELL
030255,P,LU,80560,13113,1994-05-26,2015-02-27,NPS PHARMACEUTICALS INC,NPSP
030259,P,LC,80563,13115,1994-05-26,E,PENN ENTERTAINMENT INC,PENN
030260,P,LU,80575,13114,1994-05-26,E,SIMPSON MANUFACTURING INC,SSD
030284,P,LC,17221,56210,2018-01-12,E,LIBERTY ENERGY INC,LBRT
030397,P,LC,16653,55901,2017-04-13,E,WARRIOR MET COAL INC,HCC
030399,P,LC,80670,13181,1994-06-28,2011-05-02,AIRTRAN HOLDINGS INC,AAI
030477,P,LU,80759,13210,1994-07-20,E,MATTHEWS INTL CORP  -CL A,MATW
030534,P,LU,80752,13226,1994-07-27,2003-09-30,HISPANIC BROADCASTING  -CL A,HSP.
030535,P,LC,16614,55877,2017-03-17,2018-05-31,MULESOFT INC,MULE
030536,P,LU,80774,13225,1994-07-27,E,GEO GROUP INC,GEO
030561,P,LU,80786,30466,1994-08-02,2002-02-28,RIGHTCHOICE MGD CARE,RIT.1
030576,P,LU,80791,13252,1994-08-10,E,ADTRAN HOLDINGS INC,ADTN
030608,P,LU,80797,13268,1994-08-16,2010-01-29,MPS GROUP INC,MPS
030612,P,LU,80795,13269,1994-08-17,2025-08-29,AMEDISYS INC,AMED
030644,P,LC,80713,30440,1994-07-07,2005-05-11,COLLINS & AIKMAN CORP,CKCRQ
030651,P,LU,80928,13300,1994-09-12,E,DARLING INGREDIENTS INC,DAR
030655,P,LC,16597,55869,2017-03-24,2024-03-28,ALTERYX INC,AYX
030662,P,LC,80924,13304,1994-09-13,E,SIRIUS XM HOLDINGS INC,SIRI
030671,P,LU,80864,30474,1994-09-16,E,RELIANCE INC,RS
030674,P,LU,80918,13098,1994-09-19,2017-02-28,ARIAD PHARMACEUTICALS INC,ARIA.1
030697,P,LC,80913,13331,1994-09-27,2010-02-05,AFFILIATED COMPUTER SERVICES,ACS
030727,P,LC,91437,51184,2006-09-21,2011-09-29,BMB MUNAI INC -OLD,BMBM.1
030736,P,LC,16649,55899,2017-04-07,E,OKTA INC,OKTA
030861,P,LC,80987,13394,1994-10-25,2017-09-08,KNIGHT-SWIFT TRPTN HLDGS INC,KNX
030861,P,LC,12473,53620,2017-09-11,E,KNIGHT-SWIFT TRPTN HLDGS INC,KNX
030865,C,LC,22947,20449,1994-10-25,2006-03-31,CINERGY CORP,DUK6
030865,C,LC,22947,20449,1962-01-31,1980-12-31,CINERGY CORP,DUK6
030865,C,LC,22947,20449,1951-01-01,1962-01-30,CINERGY CORP,DUK6
030870,P,LC,80957,13398,2010-02-10,2022-05-16,ASPEN TECHNOLOGY INC,AZPN
030870,P,LC,80957,13398,1994-10-26,2008-02-18,ASPEN TECHNOLOGY INC,AZPN
030870,P,LC,23063,59277,2022-05-17,2025-03-31,ASPEN TECHNOLOGY INC,AZPN
030932,P,LU,81095,13413,1994-11-07,E,NORTHWEST BANCSHARES INC,NWBI
030950,C,LC,50972,21183,2017-01-01,2017-01-17,MEDIA GENERAL INC,MEG.2
030950,P,LC,50972,21183,2013-11-29,2016-12-31,MEDIA GENERAL INC,MEG.2
030962,P,LC,16654,55903,2017-04-13,2021-10-29,CADENCE BANCORPORATION,CADE.3
030990,P,LC,81055,30513,1994-11-16,E,CAPITAL ONE FINANCIAL CORP,COF
030999,P,LC,16655,55904,2017-04-28,E,CARVANA CO,CVNA
031004,P,LC,16657,55906,2017-04-28,2021-10-29,CLOUDERA INC,CLDR
031041,P,LC,90296,45435,2004-07-19,2006-03-03,TELEWEST COMMUNICATIONS PLC,TLWT
031062,P,LU,81071,13443,1994-11-22,2008-02-29,ALABAMA NATL BANCORPORATION,ALAB.1
031109,P,LC,16738,55956,2017-05-04,E,ANTERO MIDSTREAM CORP,AM
031122,C,LU,81138,13457,2017-02-01,2017-02-28,APOLLO EDUCATION GROUP INC,APOL
031122,P,LU,81138,13457,1994-12-06,2017-01-31,APOLLO EDUCATION GROUP INC,APOL
031147,P,LC,81162,13462,1994-12-09,2015-08-03,MICREL INC,MCRL
031166,P,LU,81126,30827,1994-12-14,2006-04-28,GUIDANT CORP,GDT.1
031168,P,LC,81178,13467,1994-12-14,2006-09-29,RSA SECURITY INC,RSAS
031203,N,LX,81173,13480,2017-05-03,2017-05-03,STILLWATER MINING CO,SWC
031203,P,LC,81173,13480,1994-12-16,2017-05-03,STILLWATER MINING CO,SWC
031223,P,LU,81172,13489,1994-12-20,2005-11-03,ORTHOSYNETICS INC,OCAI
031224,C,LU,81128,30829,1994-12-20,E,ITT EDUCATIONAL SERVICES INC,ESINQ
031227,P,LC,88379,37746,2004-05-11,E,NUTRISYSTEM INC,NTRI
031227,P,LC,88379,37746,2000-06-16,2001-05-24,NUTRISYSTEM INC,NTRI
031236,P,LC,16698,55932,2017-05-25,E,APPIAN CORP,APPN
031252,P,LC,16771,55962,2018-01-01,E,MAGNOLIA OIL & GAS CORP,MGY
031252,J,LC,16771,55962,2017-06-26,2017-12-31,MAGNOLIA OIL & GAS CORP,MGY
031295,P,LC,17950,56444,2018-07-26,2023-09-29,FOCUS FINANCL PRTNR INC,FOCS
031448,P,LU,81188,30840,1995-02-01,2004-12-31,COX COMMUNICATIONS INC,0059A
031453,P,LU,81220,13521,1995-01-24,E,INSIGHT ENTERPRISES INC,NSIT
031460,P,LU,81222,13524,1995-01-25,E,UPBOUND GROUP INC,UPBD
031477,P,LU,81241,13539,1995-02-02,E,AZENTA INC,AZTA
031521,P,LC,81254,12949,1995-03-31,E,STONEX GROUP INC,SNEX
031549,P,LC,81262,13582,1995-02-22,2007-03-30,CAREMARK RX INC,CMX.1
031554,P,LC,81293,30853,1995-02-23,2009-12-31,MARVEL ENTERTAINMENT INC,MVL
031560,P,LU,81292,30852,1995-02-24,2019-09-30,SPEEDWAY MOTORSPORTS INC,TRK
031564,P,LU,81282,13587,1995-02-24,E,ACI WORLDWIDE INC,ACIW
031587,P,LC,81481,13603,1995-03-07,E,DOLLAR TREE INC,DLTR
031607,P,LU,81501,13617,1995-03-14,2023-10-31,NATIONAL INSTRUMENTS CORP,NATI
031620,P,LU,81509,13623,1995-03-16,2001-02-28,SDL INC,SDLI
031643,P,LU,81301,30861,1995-03-27,2001-12-31,LIBERTY FINANCIAL COS INC,L.3
031673,P,LC,81540,13650,1995-04-04,E,CENCORA INC,COR
031692,P,LC,81541,13660,1995-04-07,2019-03-21,MB FINANCIAL INC/MD,MBFI
031707,P,LC,81530,30877,1995-04-11,2011-10-21,PMI GROUP INC,PPMIQ
031752,P,LU,81584,13695,1995-04-27,E,CBIZ INC,CBZ
031774,P,LC,16816,56000,2017-08-07,E,BRIGHTHOUSE FINANL INC,BHF
031803,P,LC,18953,56823,2020-10-29,E,ADVANTAGE SOLUTIONS INC,ADV
031846,P,LC,81655,30886,1995-05-30,E,DARDEN RESTAURANTS INC,DRI
031849,P,LC,81654,30885,1995-05-25,2011-02-15,BORDERS GROUP INC,BGPIQ
031881,P,LC,81705,13750,1995-06-01,2016-09-19,FEI CO,FEIC
031887,P,LU,81736,13753,1995-06-02,E,RESMED INC,RMD
032046,P,LC,16814,55999,2017-07-14,2020-10-30,AKCEA THERAPEUTICS INC,AKCA
032102,P,LC,16829,56014,2017-07-28,E,REDFIN CORP,RDFN
032106,P,LC,75034,20253,2017-07-05,E,BAKER HUGHES CO,BKR
032245,P,LC,15432,55316,2017-07-25,2024-05-31,ALPINE IMMUNE SCIENCES INC,ALPN
032280,P,LC,91275,41998,2006-05-10,2011-09-25,STARZ,STRZA
032280,P,LC,89130,41998,2001-08-10,2006-05-09,STARZ,STRZA
032280,P,LC,13008,53884,2011-09-26,2016-12-30,STARZ,STRZA
032348,P,LC,16928,56062,2017-09-20,E,KRYSTAL BIOTECH INC,KRYS
032355,P,LC,16964,56082,2017-09-29,2019-10-27,SOCIAL CAPITAL HDA HDG,IPOA
032356,P,LC,16923,56058,2017-09-20,E,CELCUITY INC,CELC
032372,P,LC,17039,56122,2017-11-29,E,CORE NATURAL RESOURCES INC,CNR
032382,P,LC,16932,56066,2017-09-28,E,ROKU INC,ROKU
032383,P,LC,16924,56059,2017-09-28,2024-06-28,DECIPHERA PHRMCTAL INC,DCPH
032469,P,LC,16966,56084,2017-10-06,2022-12-30,SWITCH INC,SWCH
032483,P,LC,17201,56115,2017-12-08,2020-01-20,MOSAIC ACQ CORP,MOSC
032526,P,LC,16968,56086,2017-10-19,E,MONGODB INC,MDB
032530,P,LC,17034,56117,2017-11-01,2025-03-31,ALTAIR ENGINEERING INC,ALTR
032541,P,LC,16967,56085,2017-10-12,E,CARGURUS INC,CARG
032571,P,LC,17106,56150,2017-11-10,E,BANDWIDTH INC,BAND
032574,P,LC,16971,56087,2017-10-26,E,NATIONAL VISION HOLDINGS INC,EYE
032610,P,LC,17035,56118,2017-11-02,2023-05-31,EVOQUA WATER TECH,AQUA
032641,P,LC,17037,56120,2017-11-17,2022-08-31,SAILPOINT TECHNO HLDG,SAIL.2
032675,P,LC,17097,56143,2017-11-15,2019-01-31,SENDGRID INC,SEND
032688,P,LC,17038,56121,2017-11-17,E,STITCH FIX INC,SFIX
032767,P,LC,17787,56352,2018-05-31,E,EQUITABLE HOLDINGS INC,EQH
032771,P,LC,15782,55406,2017-12-01,E,WILLSCOT HOLDINGS CORP,WSC
032771,C,LC,15782,55406,2017-11-30,2017-11-30,WILLSCOT HOLDINGS CORP,WSC
032775,P,LC,17125,56163,2017-12-08,E,DENALI THERAPEUTCS INC,DNLI
032809,P,LC,17133,56168,2017-12-08,E,ASTRANA HEALTH INC,ASTH
032898,P,LC,17367,56235,2018-03-02,2020-06-10,NEBULA ACQUISITON CORP,NEBU
032930,P,LC,17223,56212,2018-01-19,E,ADT INC,ADT
032935,P,LC,17315,56267,2018-02-09,E,CARDLYTICS INC,CDLX
032938,P,LC,17281,56251,2018-02-08,E,CACTUS INC,WHD
032980,P,LS,17226,56213,2018-01-19,E,AMERICOLD REALTY TRUST,COLD
033037,P,LC,17341,56287,2018-03-16,E,ZSCALER INC,ZS
033110,P,LC,19655,57256,2020-09-16,E,STEPSTONE GROUP INC,STEP
033111,P,LC,17684,56269,2018-04-16,2019-11-10,DFB HEALTHCARE ACQ,DFBH
033152,P,LC,17342,56288,2018-03-23,E,DROPBOX INC,DBX
033185,P,LC,17372,56305,2018-03-29,2020-07-30,UNUM THERAPEUTICS INC OLD,UMRX.1
033195,N,LX,24655,59745,2023-12-04,E,HUT 8 CORP,HUT
033195,P,LC,24655,59745,2023-12-04,E,HUT 8 CORP,HUT
033243,P,LC,17794,56358,2018-06-01,E,WYNDHAM HOTELS & RESRTS,WH
033275,P,LC,17701,56346,2018-04-27,2025-01-31,SMARTSHEET INC,SMAR
033301,P,LC,17685,56335,2018-04-27,E,DOCUSIGN INC,DOCU
033326,P,LC,17783,56347,2018-05-09,2025-07-31,CHAMPIONX CORP,CHX
033424,P,LC,17801,56365,2018-05-31,E,CONSTRUCTION PRTNR INC,ROAD
033433,P,LC,19950,57226,2021-10-21,2023-11-03,WEWORK INC,WEWKQ
033435,P,LC,17799,56363,2018-05-31,E,INSPIRE MEDICAL SYSTEM,INSP
033439,P,LC,17792,56357,2018-06-01,2021-05-28,PERSPECTA INC,PRSP
033445,P,LC,17821,56378,2018-05-24,E,SCHOLAR ROCK HOLDNG CRP,SRRK
033446,P,LC,17788,56353,2018-05-17,2021-04-30,PLURALSIGHT INC,PS.2
033493,P,LC,17907,56382,2018-06-11,2020-06-03,VECTOIQ ACQ CORP,VTIQ.1
033610,P,LC,17855,56390,2018-06-15,2022-10-31,AVALARA INC,AVLR
033621,P,LC,17987,56432,2018-07-30,2020-02-09,GS ACQUISITION HLDGS CORP,GSAH.
033641,P,LC,17878,56403,2018-06-20,2021-01-29,EIDOS THERAPEUTICS INC,EIDX.
033647,P,LC,17859,56392,2018-07-02,2022-04-29,VEONEER INC,VNE
033652,P,LC,38850,21623,2018-06-01,E,CHAMPION HOMES INC,SKY
033668,P,LC,17949,56445,2018-07-25,E,BLOOM ENERGY CORP,BE
033696,P,LC,17883,56406,2018-06-28,2020-04-30,FORTY SEVEN INC,FTSV
033703,C,LC,17977,56465,2018-07-19,2021-04-30,TILRAY INC -OLD,TLRY.1
033718,P,LC,17864,56394,2018-06-28,E,BJS WHSL CLUB HLDGS INC,BJ
033721,P,LC,17948,56442,2018-07-19,2025-05-30,ALLAKOS INC,ALLK
033723,P,LC,17959,56453,2018-07-18,E,CRINETICS PHARMCTCL INC,CRNX
033750,P,LC,18736,56775,2019-06-17,2023-03-31,IAA INC,IAA
033759,P,LC,17944,56441,2018-07-26,E,TENABLE HOLDINGS INC,TENB
033767,P,LC,18011,56473,2018-08-02,E,SONOS INC,SONO
033868,P,LC,18184,56480,2018-10-01,2020-10-29,SPARTAN ENRGY ACQST CRP,SPAQ.1
033948,N,LX,26653,60302,2025-05-16,E,GALAXY DIGITAL INC,GLXY
033948,P,LC,26653,60302,2025-05-16,E,GALAXY DIGITAL INC,GLXY
033951,P,LC,18064,56500,2018-10-01,E,FRONTDOOR INC,FTDR
033955,P,LC,18062,56498,2018-09-21,E,ELANCO ANIMAL HLTH INC,ELAN
034010,P,LC,11644,9465,2018-08-14,E,COMSTOCK RESOURCES INC,CRK
034015,P,LC,18126,56526,2018-09-14,2020-09-30,PRINCIPIA BIOPHARMA,PRNB
034048,P,LC,18138,56537,2018-10-11,2024-01-03,RIO TINTO LITHIUM,ALTM
034053,P,LC,18142,56539,2018-10-29,E,RESIDEO TECHNOLOGIES,REZI
034077,P,LC,18100,56514,2018-09-27,E,ARVINAS INC,ARVN
034101,P,LC,18134,56533,2018-10-03,E,UPWORK INC,UPWK
034102,P,LC,18135,56534,2018-10-01,E,GUARDANT HEALTH INC,GH
034118,P,LC,18203,56563,2018-10-01,E,KODIAK SCIENCES INC,KOD
034140,P,LC,18097,56511,2018-09-26,2023-06-30,MOMENTIVE GLOBAL INC,MNTV
034161,P,LC,18137,56536,2018-10-11,E,ALLOGENE THERAPEUTICS,ALLO
034171,P,LC,18162,56547,2018-10-26,2020-09-29,GRAF INDUSTRIAL CORP,GRAF.1
034236,P,LS,18141,56538,2018-10-12,2022-06-30,ANAPLAN INC,PLAN
034241,P,LC,18214,56573,2018-10-31,E,TWIST BIOSCIENCE CORP,TWST
034300,P,LC,16631,55850,2018-10-18,E,VERRA MOBILITY CORP,VRRM
034326,P,LC,20345,57674,2021-01-28,2023-06-30,QUALTRICS INTERNATIONAL INC,XM
034337,P,LC,18150,56546,2018-11-13,2024-07-31,EQUITRANS MID CORP,ETRN
034342,P,LC,18190,56556,2018-10-31,2024-11-29,AXONICS INC,AXNX
034410,P,LC,18312,56611,2018-12-07,E,MODERNA INC,MRNA
034418,P,LC,18368,56629,2019-01-31,E,NEW FORTRESS ENERGY INC,NFE
034443,P,LC,18428,56668,2019-04-02,E,DOW INC,DOW
034446,P,LC,19058,56932,2019-11-07,2023-05-10,SILVERGATE CAPITAL CORP,SICP
034447,P,LC,18572,56715,2019-05-02,E,BEYOND MEAT INC,BYND
034544,P,LC,18453,56646,2019-03-25,2020-12-02,GORES METROPOULOS INC,GMHI
034584,P,LC,16400,55675,2018-12-28,E,PHUNWARE INC,PHUN
034616,P,LC,18376,56632,2019-02-07,E,ALECTOR INC,ALEC
034636,J,LC,18421,56662,2019-03-19,E,FOX CORP,FOXA
034636,P,LC,18420,56662,2019-03-19,E,FOX CORP,FOXA
034683,P,LC,18552,56644,2019-04-15,2020-10-25,DIAMONDPEAK HOLDINGS CORP,DPHC
034749,P,LC,20892,58167,2021-04-14,E,COINBASE GLOBAL INC,COIN
034765,P,LC,18327,56619,2019-02-08,2022-10-31,COVETRUS INC,CVET
034805,P,LC,18539,56638,2019-04-22,2020-10-01,TORTOISE ACQUISITION CORP,SHLL
034854,P,LC,18456,56679,2019-03-07,2024-06-28,SHOCKWAVE MEDICAL INC,SWAV
034864,P,LC,18719,56672,2019-05-03,2020-12-10,TRINE ACQUISITION CORP,TRNE
034873,P,LC,18452,56673,2019-03-29,E,LYFT INC,LYFT
034919,P,LC,18480,56687,2019-04-04,E,TRADEWEB MARKETS INC,TW
034953,P,LC,18563,56708,2019-04-17,E,PALOMAR HOLDINGS INC,PLMR
034954,P,LC,18771,56788,2019-06-27,2022-10-31,CHANGE HEALTHCARE INC,CHNG
034955,P,LC,18482,56688,2019-04-11,E,PAGERDUTY INC,PD
035005,P,LC,18484,56690,2019-04-18,E,ZOOM COMMUNICATIONS INC,ZM
035006,P,LC,18567,56712,2019-04-17,2022-08-31,TURNING POINT THERAPE INC,TPTX
035013,P,LC,18485,56691,2019-04-18,E,PINTEREST INC,PINS
035035,P,LC,18578,56720,2019-05-23,E,KONTOOR BRANDS INC,KTB
035062,P,LC,18676,56757,2019-05-02,E,TRANSMEDICS GROUP INC,TMDX
035065,P,LC,18579,56721,2019-05-17,E,AVANTOR INC,AVTR
035077,P,LC,18576,56719,2019-05-10,E,UBER TECHNOLOGIES INC,UBER
035082,P,LC,18835,56738,2019-07-03,2020-04-23,DIAMOND EAGLE ACQ CORP,DEAC
035105,P,LC,18776,56742,2019-06-21,2019-12-18,HEALTH SCNCES ACQ CORP,HSAC
035120,P,LC,18580,56722,2019-05-17,E,FASTLY INC,FSLY
035133,P,LC,18734,56773,2019-06-20,2021-07-30,SLACK TECHNOLOGIES INC,WORK
035158,P,LC,18575,56718,2019-05-08,E,PARSONS CORP,PSN
035168,P,LC,18592,56723,2019-06-03,E,CORTEVA INC,CTVA
035182,P,LC,18726,56769,2019-06-12,E,CROWDSTRIKE HOLDINGS INC,CRWD
035245,P,LC,20923,58181,2021-04-29,2025-03-31,ENDEAVOR GROUP HOLDINGS,EDR
035264,P,LC,18770,56787,2019-06-27,E,BRIDGEBIO PHARMA INC,BBIO
035267,P,LC,18772,56789,2019-06-20,2025-12-31,AKERO THERAPEUTICS INC,AKRO
035279,P,LC,18769,56786,2019-06-27,E,ADAPTIVE BIOTECH CORP,ADPT
035287,P,LC,18727,56770,2019-06-14,E,CHEWY INC,CHWY
035290,P,LC,18777,56794,2019-06-28,2024-03-28,KARUNA THERPEUTICS INC,KRTX
035374,P,LC,18787,56803,2019-07-19,2021-10-29,MEDALLIA INC,MDLA
035394,P,LC,18790,56805,2019-07-25,2020-11-30,LIVONGO HEALTH INC,LVGO
035395,P,LC,18815,56814,2019-07-25,2025-11-28,SUNNOVA ENRGY INTL INC,NOVAQ
035401,P,LC,18953,56823,2019-09-09,2020-10-28,CONYERS PARK II ACQ,CPAA.2
035402,P,LC,18938,56818,2019-09-09,2021-01-20,OAKTREE ACQ CORP,OAC
035411,P,LC,18937,56815,2019-09-16,2021-02-28,SWITCHBACK ENERGY ACQ CORP,SBE
035447,P,LC,18886,56857,2019-08-01,E,DYNATRACE INC,DT
035497,P,LC,18910,56875,2019-09-18,E,ENVISTA HOLDINGS CORP,NVST
035543,P,LC,83883,14905,2019-08-07,E,OPTION CARE HEALTH INC,OPCH
035600,P,LC,18961,56894,2019-09-13,2025-07-31,SPRINGWORKS THERAPEUTICS INC,SWTX
035603,P,LC,19064,56888,2019-11-05,2021-07-01,APEX TECHNOLOGY ACQUISITION,APXT.2
035604,P,LC,18909,56874,2019-09-13,E,CLOUDFLARE INC,NET
035614,P,LC,18915,56879,2019-10-02,E,CERENCE INC,CRNC
035617,P,LC,18912,56877,2019-09-19,2022-10-31,PING IDENTITY HOLDING CORP,PING
035620,P,LC,18911,56876,2019-09-19,E,DATADOG INC,DDOG
035622,P,LC,19076,56891,2019-11-01,2021-04-06,NEW PROVIDENCE ACQ CORP,NPA
035627,P,LC,18940,56886,2019-09-26,E,PELOTON INTERACTIVE INC,PTON
035630,P,LC,19031,56923,2019-10-03,2021-03-31,VIELA BIO INC,VIE
035638,P,LC,19032,56924,2019-10-11,E,VIR BIOTECHNOLOGY INC,VIR
035640,P,LC,18908,56873,2019-09-12,E,10X GENOMICS INC,TXG
035684,P,LC,22812,59201,2022-03-11,E,BELLRING BRANDS INC,BRBR
035708,P,LC,18968,56897,2019-10-25,E,PROGYNY INC,PGNY
035714,P,LC,19228,57019,2020-02-06,E,BEAM THERAPEUTICS INC,BEAM
035794,P,LC,19081,56955,2019-11-21,E,SITIME CORP,SITM
035808,P,LC,16964,56082,2019-10-28,E,VIRGIN GALACTIC HOLDINGS INC,SPCE
035824,P,LC,23041,59270,2022-04-04,E,NUTEX HEALTH INC,NUTX
035852,P,LC,17684,56269,2019-11-11,E,ADAPTHEALTH CORP,AHCO
035868,P,LC,19084,56959,2019-12-12,E,BILL HOLDINGS INC,BILL
035874,P,LC,19178,56994,2020-01-31,E,REYNOLDS CONSUMER PRODUCTS,REYN
035922,P,LC,19145,56980,2019-12-13,E,SPROUT SOCIAL INC,SPT
035982,P,LC,18776,56742,2019-12-19,E,IMMUNOVANT INC,IMVT
036025,P,LC,19177,56993,2020-01-31,2023-02-28,1LIFE HEALTHCARE INC,ONEM
036049,P,LC,19199,14304,2020-02-06,2021-12-31,PPD INC,PPD
036051,P,LC,19200,57007,2020-02-06,E,SCHRODINGER INC,SDGR
036083,P,LC,19201,57008,2020-02-13,E,REVOLUTION MEDICINES INC,RVMD
036114,P,LC,19331,57011,2020-04-03,2020-10-08,CHURCHILL CAPITAL CORP III,CCXX
036175,P,LC,17987,56432,2020-02-10,E,VERTIV HOLDINGS CO,VRT
036190,P,LC,19286,57037,2020-04-03,E,OTIS WORLDWIDE CORP,OTIS
036191,P,LC,19285,57036,2020-04-03,E,CARRIER GLOBAL CORP,CARR
036192,P,LC,19338,57039,2020-04-27,2020-12-16,,
036193,P,LC,19409,57095,2020-06-12,2025-07-31,AZEK COMPANY INC (THE),AZEK
036203,P,LC,19807,57315,2020-10-09,E,VONTIER CORP,VNT
036234,P,LC,19357,57071,2020-05-21,E,SELECTQUOTE INC,SLQT
036236,P,LC,19358,57072,2020-05-22,2025-02-28,INARI MEDICAL INC,NARI
036261,P,LC,19455,57064,2020-06-18,2020-12-20,SOCIAL CAP HED HOLD II,IPOB
036273,P,LC,21237,58267,2021-05-20,E,PROCORE TECHNOLGY INC,PCOR
036303,P,LC,19433,57062,2020-06-22,2020-11-17,,
036404,P,LC,18835,56738,2020-04-24,E,DRAFTKINGS INC,DKNG
036410,P,LC,19416,57075,2020-06-03,2020-11-16,B RILEY PRINC CORP II,BMRG
036463,P,LC,21617,58517,2021-08-01,E,ALIGHT INC,ALIT
036463,J,LC,21617,58517,2021-07-06,2021-07-31,ALIGHT INC,ALIT
036473,P,LC,19488,57130,2020-06-12,E,AVIDITY BIOSCIENCE INC,RNAM
036494,P,LC,19404,57092,2020-06-05,E,SHIFT4 PAYMENTS INC,FOUR
036512,P,LC,19408,57094,2020-06-09,2024-11-29,VROOM INC,VRM
036513,P,LC,19547,57112,2020-07-30,2020-10-27,,
036565,P,LC,17907,56382,2020-06-04,2025-02-25,NIKOLA CORP,NKLAQ
036598,P,LC,17367,56235,2020-06-11,E,OPEN LENDING CORP,LPRO
036600,P,LC,19484,57126,2020-06-12,E,VAXCYTE INC,PCVX
036605,P,LC,19599,57104,2020-08-17,2020-11-26,,
036607,P,LC,19593,57103,2020-08-20,2021-10-20,GS ACQUI HOLDI CORP II,GSAH
036633,P,LC,19854,57369,2020-10-15,E,EASTERN BANKSHARES INC,EBC
036641,P,LC,19576,57193,2020-08-05,E,RACKSPACE TECHNOLOGY INC,RXT
036643,P,LC,19789,57155,2020-09-11,2022-07-29,PERSHING SQ TN HOL LTD,PSTH
036660,P,LC,19504,57141,2020-07-17,2023-10-31,PHENOMEX INC,CELL
036677,P,LC,19501,57140,2020-07-16,E,RELAY THERAPEUTICS INC,RLAY
036691,P,LC,78840,11901,2020-07-01,E,PEOPLE INC,PPLI
036692,P,LC,19497,57137,2020-07-02,E,LEMONADE INC,LMND
036711,P,LC,19565,57180,2020-07-14,E,NCINO INC,NCNO
036717,P,LC,19505,57142,2020-07-22,E,JAMF HOLDING CORP,JAMF
036722,P,LC,19577,57194,2020-08-06,E,ROCKET COS INC,RKT
036728,P,LC,19605,57212,2020-08-06,2023-05-31,OAK STREET HEALTH INC,OSH
036742,P,LC,19930,57218,2020-10-05,2021-08-01,DRAGONEER GRO OPP CORP,DGNR
036754,P,LC,19575,57192,2020-08-05,E,COMMERCE.COM INC,CMRC
036756,P,LC,19751,57148,2020-09-18,2021-07-25,CHURCHILL CAPI CORP IV,CCIV
036758,P,LC,23206,59329,2022-07-25,E,GETTY IMAGES HOLDINGS INC,GETY
036781,P,LC,19950,57226,2020-10-21,2021-10-20,BOWX ACQUISITION CORP,BOWX
036788,P,LC,19578,57195,2020-08-14,2023-03-31,DUCK CREEK TECHNOL INC,DCT
036818,P,LC,19919,57213,2020-10-08,2021-04-28,STAR PEAK ENE TRA CORP,STPK
036819,P,LC,19585,57201,2020-08-21,E,KYMERA THERAPEUTIC INC,KYMR
036847,P,LC,19635,57241,2020-08-19,E,HARMONY BIOSC HOLD INC,HRMY
036868,P,LC,19956,57339,2020-10-26,2021-07-22,CM LIFE SCIENCES INC,CMLF
036898,P,LC,19794,57313,2020-09-18,E,UNITY SOFTWARE INC,U
036904,P,LC,20295,57441,2020-12-07,2021-08-29,,
036910,P,LC,19788,57309,2020-09-30,E,PALANTIR TECHNOLOG INC,PLTR
036911,P,LC,19825,57343,2020-09-17,E,DYNE THERAPEUTICS INC,DYN
036949,P,LC,17372,56305,2020-09-01,E,COGENT BIOSCIENCES INC,COGT
036949,C,LC,17372,56305,2020-07-31,2020-08-31,COGENT BIOSCIENCES INC,COGT
036950,P,LC,19657,57258,2020-09-17,E,AMERICAN WELL CORP,AMWL
036958,P,LC,20126,57323,2020-11-09,2021-08-10,REINVENT TECHNOLOGY PARTNERS,RTP
036964,P,LC,19746,57296,2020-09-30,E,ASANA INC,ASAN
037054,P,LC,19945,57424,2020-10-02,E,ACADEMY SPO AND OU INC,ASO
037068,P,LC,20178,57363,2020-11-16,2021-08-24,,
037073,P,LC,20325,57579,2020-12-08,E,NUSCALE POWER CORP,SMR
037076,P,LC,19818,57336,2020-09-23,E,BENTLEY SYSTEMS INC,BSY
037079,P,LC,20114,57400,2020-11-23,E,GLOBAL BUSINESS TRAVL GP INC,GBTG
037090,P,LC,19822,57341,2020-09-23,E,CORSAIR GAMING INC,CRSR
037106,P,LC,18162,56547,2020-09-30,2023-02-28,VELODYNE LIDAR INC,VLDR
037111,P,LC,20067,57411,2020-12-31,2021-05-28,SOCIAL CAP HEDO CORP V,IPOE
037136,P,LC,23263,59354,2022-08-08,E,DWAVE QUANTUM INC,QBTS
037147,P,LC,20601,57630,2021-02-01,2021-07-22,GORES HOLDINGS VI INC,GHVI
037180,P,LC,19857,57372,2020-10-22,2022-03-31,MCAFEE CORP,MCFE
037182,P,LC,18539,56638,2020-10-02,E,HYLIION HOLDINGS CORP,HYLN
037184,P,LC,20269,57399,2020-12-14,2021-05-19,,
037187,P,LC,19986,57460,2020-10-16,E,PRAXIS PRECIS MEDI INC,PRAX
037188,P,LC,19331,57011,2020-10-09,E,CLARITEV CORP,CTEV
037200,P,LC,19851,57368,2020-10-15,E,ARRAY TECHNOLOGIES INC,ARRY
037247,P,LC,20207,57377,2020-12-18,2021-09-30,ATLAS CREST INVES CORP,ACIC.1
037254,P,LC,19856,57371,2020-10-21,2022-06-30,DATTO HOLDING CORP,MSP
037268,P,LC,18552,56644,2020-10-26,2023-07-06,NU RIDE INC,NRDE
037275,P,LC,19547,57112,2020-10-28,2024-08-30,CEREVEL THERAPEUTICS HOLDING,CERE
037284,P,LC,19937,57416,2020-10-29,E,LESLIE'S INC,LESL
037292,P,LC,19939,57418,2020-10-30,E,ATEA PHARMACEUTICALS INC,AVIR
037306,P,LC,20357,57538,2021-01-04,2021-09-30,,
037309,P,LC,19938,57417,2020-10-29,E,ALLEGRO MICROSYSTEMS INC,ALGM
037318,P,LC,18184,56480,2020-10-30,2024-03-25,FISKER INC,FSRNQ
037338,P,LC,20062,57532,2020-11-20,E,SOTERA HEALTH CO,SHC
037354,P,LC,20059,57531,2020-11-20,E,MARAVAI LIFESCIENS HLDGS INC,MRVI
037356,P,LC,20142,57563,2020-11-17,2023-06-30,CVENT HOLDING CORP,CVT
037357,P,LC,20196,57593,2020-12-16,E,UPSTART HOLDINGS INC,UPST
037382,P,LC,20065,57534,2020-12-01,E,CONCENTRIX CORP,CNXC
037392,P,LC,19416,57075,2020-11-17,E,EOS ENERGY ENTERPRISES INC,EOSE
037407,P,LC,19433,57062,2020-11-18,E,MP MATERIALS CORP,MP
037413,P,LC,20339,57669,2021-01-13,E,AFFIRM HOLDINGS INC,AFRM
037414,P,LC,20195,57592,2020-12-11,E,CERTARA INC,CERT
037420,P,LC,20189,57587,2020-12-09,E,DOORDASH INC,DASH
037428,P,LC,20406,57554,2021-01-14,E,GRINDR INC,GRND
037449,P,LC,19599,57104,2020-11-27,E,QUANTUMSCAPE CORP,QS
037453,P,LC,20648,57999,2021-03-10,E,ROBLOX CORP,RBLX
037460,P,LC,20190,57588,2020-12-10,E,AIRBNB INC,ABNB
037472,P,LC,20452,57654,2021-01-04,2021-07-14,,
037490,P,LC,18453,56646,2020-12-03,E,LUMINAR TECHNOLOGIES INC,LAZRQ
037502,P,LC,20341,57671,2021-01-14,E,PETCO HEALTH AND WELLNESS CO,WOOF
037517,P,LC,20193,57590,2020-12-09,E,C3.AI INC,AI
037519,P,LC,19455,57064,2020-12-21,E,OPENDOOR TECHNOLOGIES INC,OPEN
037537,P,LC,18719,56672,2020-12-31,2025-04-30,DESKTOP METAL INC,DM
037562,P,LC,19338,57039,2020-12-17,E,FIRY INC,FIRY
037596,P,LC,21415,58344,2021-06-30,E,SENTINELONE INC,S
037614,P,LC,21102,57981,2021-04-19,2021-09-16,SOARING EAGLE ACQ CORP,SRNG
037646,P,LC,20347,57676,2021-01-27,E,SHOALS TECHNOLOGIES GRP INC,SHLS
037751,P,LC,20342,57672,2021-01-15,E,DRIVEN BRANDS HOLDINGS INC,DRVN
037752,P,LC,20447,57775,2021-01-15,E,PLAYTIKA HOLDING CORP,PLTK
037790,P,LC,20471,57799,2021-02-11,E,BUMBLE INC,BMBL
037811,P,LC,20470,57798,2021-02-11,2023-03-31,SIGNIFY HEALTH INC,SGFY
037851,P,LC,18938,56818,2021-01-21,E,HIMS & HERS HEALTH INC,HIMS
037871,P,LC,24698,57996,2024-01-24,E,CORE SCIENTIFIC INC,CORZ
037925,P,LC,20468,57796,2021-02-04,E,SANA BIOTCHNOLOGY INC,SANA
037961,P,LC,20975,58048,2021-04-26,E,DAVE INC,DAVE
038019,P,LC,20646,57997,2021-03-03,E,OSCAR HEALTH INC,OSCR
038022,P,LC,20876,58158,2021-03-09,E,SYMBOTIC INC,SYM
038060,P,LC,21007,58063,2021-04-22,E,RIGETTI COMPUTING INC,RGTI
038087,P,LC,23054,58080,2022-04-28,E,SOUNDHOUND AI INC,SOUN
038092,P,LC,20682,58024,2021-03-11,E,COUPANG INC,CPNG
038107,P,LC,21331,58152,2021-05-06,E,AURORA INNOVATION INC,AUR
038125,P,LC,20649,58000,2021-03-12,E,HAYWARD HOLDINGS INC,HAYW
038188,P,LC,20656,58006,2021-03-24,E,DIGITALOCEAN HOLDINGS INC,DOCN
038198,P,LC,18937,56815,2021-03-01,E,CHARGEPOINT HOLDINGS INC,CHPT
038212,P,LC,20894,58169,2021-04-15,E,APPLOVIN CORP,APP
038238,P,LC,20661,58011,2021-03-26,E,ALIGNMENT HEALTHCARE INC,ALHC
038265,P,LC,20681,58023,2021-03-31,E,COURSERA INC,COUR
038282,P,LC,20891,58166,2021-04-01,E,FRONTIER GRP HOLD INC,ULCC
038342,P,LC,20870,58153,2021-03-12,2023-06-30,PROMETHEUS BIOSCNC INC,RXDX
038375,P,LC,21619,58518,2021-07-08,E,OKLO INC,OKLO
038412,P,LC,20920,58180,2021-04-21,E,DOUBLEVERIFY HOLD INC,DV
038447,P,LC,20899,58172,2021-04-22,2023-02-28,KNOWBE4 INC,KNBE
038461,P,LC,20893,58168,2021-04-15,E,AGILON HEALTH INC,AGL
038474,P,LC,20898,58171,2021-04-16,E,RECURSION PHARMA INC,RXRX
038477,P,LC,23517,59441,2022-11-29,E,LEONARDO DRS INC,DRS
038488,P,LC,20916,58179,2021-04-01,E,COMPASS INC,COMP
038493,P,LC,20900,58173,2021-04-22,2022-10-31,ZYMERGEN INC,ZY.1
038594,P,LC,21087,58215,2021-04-29,E,PRIVIA HEALTH GROUP INC,PRVA
038596,P,LC,20895,58170,2021-04-15,E,CREATEAI HOLDINGS INC,TSPH
038598,P,LC,19076,56891,2021-04-07,E,AST SPACEMOBILE INC,ASTS
038646,P,LC,20972,58186,2021-04-21,E,UIPATH INC,PATH
038707,P,LC,21600,58505,2021-07-21,2025-04-30,PAYCOR HCM INC,PYCR
038708,P,LC,21349,58317,2021-06-10,E,ZETA GLOBAL HOLDINGS CORP,ZETA
038722,P,LC,19919,57213,2021-04-29,E,STEM INC,STEM
038736,P,LC,21121,58232,2021-05-19,2024-10-31,SQUARESPACE INC,SQSP
038739,P,LC,21122,58233,2021-05-26,E,FLYWIRE CORP,FLYW
038753,P,LC,21906,58704,2021-09-16,E,ENACT HOLDINGS INC,ACT
038757,P,LC,21120,58231,2021-05-25,2025-11-28,VIMEO INC,VMEO
038770,P,LC,21210,58258,2021-05-27,E,FIGS INC,FIGS
038821,P,LC,21124,58235,2021-06-03,E,ORGANON & CO,OGN
038832,P,LC,21345,58315,2021-06-09,E,MARQETA INC,MQ
038834,P,LC,21348,58316,2021-06-10,E,LIFESTAN HLTH GRP INC,LFST
038845,P,LC,20269,57399,2021-05-20,E,BLUE OWL CAPITAL INC,OWL
038856,P,LC,21369,58332,2021-06-24,E,NEUEHEALTH INC,NEUE
038870,P,LC,21607,58510,2021-07-23,E,CORE & MAIN INC,CNM
038881,P,LC,21927,58718,2021-10-01,E,TRUMP MEDIA & TECHNO GRP CRP,DJT
038881,J,LC,21927,58718,2021-09-30,2021-09-30,TRUMP MEDIA & TECHNO GRP CRP,DJT
038916,P,LC,20067,57411,2021-06-01,E,SOFI TECHNOLOGIES INC,SOFI
038927,P,LC,21357,58323,2021-06-24,E,DOXIMITY INC,DOCS
038931,P,LC,21358,58324,2021-06-24,E,CONFLUENT INC,CFLT
038936,P,LC,21359,58325,2021-06-25,E,MISTER CAR WASH INC,MCW
038946,P,LC,21612,58513,2021-07-28,2024-10-31,POWERSCHOOL HOLDINGS INC,PWSC
039041,P,LC,21356,58322,2021-07-01,E,DT MIDSTREAM INC,DTM
039067,P,LC,21605,58508,2021-07-22,E,RYAN SPECIALTY HOLDINGS INC,RYAN
039070,P,LC,21559,58466,2021-06-30,E,INTAPP INC,INTA
039122,P,LC,21614,58515,2021-07-28,E,DUOLINGO INC,DUOL
039157,P,LC,19064,56888,2021-07-02,E,AVEPOINT INC,AVPT
039225,P,LC,21564,58474,2021-07-01,E,LEGALZOOM.COM INC,LZ
039225,C,LC,21564,58474,2021-06-30,2021-06-30,LEGALZOOM.COM INC,LZ
039251,P,LC,20452,57654,2021-07-15,E,ENOVIX CORP,ENVX
039266,P,LC,21790,58622,2021-08-06,E,INVIVYD INC,IVVD
039293,P,LC,21723,58570,2021-07-29,E,ROBINHOOD MARKETS INC,HOOD
039310,P,LC,21609,58512,2021-08-03,E,VICTORIAS SECRET AND CO,VSXY
039312,P,LC,21648,58522,2021-07-22,2024-11-29,INSTRUCTURE HOLDINGS INC,INST
039319,P,LC,21608,58511,2021-08-02,E,GXO LOGISTIC INC,GXO
039321,P,LC,19956,57339,2021-07-23,E,GENEDX HOLDINGS CORP,WGS
039323,P,LC,20601,57630,2021-07-23,2025-03-31,MATTERPORT INC,MTTR
039337,P,LC,19751,57148,2021-07-26,E,LUCID GROUP INC,LCID
039344,P,LC,21747,58584,2021-07-29,E,NUVALENT INC,NUVL
039351,P,LC,84819,15483,2021-07-28,E,SHARPLINK INC,SBET
039378,P,LC,19930,57218,2021-08-02,E,CCC INTELLIGENT SOLUTIONS HL,CCC
039391,P,LC,22424,59023,2021-12-09,2025-02-28,HASHICORP INC,HCP
039405,P,LC,20126,57323,2021-08-11,E,JOBY AVIATION INC,JOBY
039453,P,LC,21892,58694,2021-09-15,E,PROCEPT BIOROBTCS CORP,PRCT
039482,P,LC,21893,58695,2021-09-15,2024-11-29,THOUGHTWORKS HOLDG INC,TWKS
039483,P,LC,21890,58692,2021-09-15,E,DUTCH BROS INC,BROS
039502,P,LC,21905,58703,2021-09-29,E,WARBY PARKER INC,WRBY
039503,P,LC,20178,57363,2021-08-25,E,ROCKET LAB CORP,RKLB
039524,P,LC,21896,58698,2021-09-22,E,TOAST INC,TOST
039526,P,LC,22003,58758,2021-09-23,2024-01-31,ENGAGESMART LLC,ESMT
039538,P,LC,20295,57441,2021-08-30,E,CIPHER DIGITAL INC,CIFR
039539,P,LC,21895,58697,2021-09-22,E,FRESHWORKS INC,FRSH
039544,P,LC,21949,58737,2021-09-30,E,OLAPLEX HOLDINGS INC,OLPX
039547,P,LC,21957,58742,2021-09-23,E,REMITLY GLOBAL INC,RELY
039554,P,LC,21898,58700,2021-09-24,E,CLEARWATER ANA HOL INC,CWAN
039561,P,LC,22027,58765,2021-09-20,E,JACKSON FINANCIAL INC,JXN
039648,P,LC,22079,58775,2021-10-07,E,LIFE TIME GRP HOLD INC,LTH
039680,P,LC,21102,57981,2021-09-17,E,GINKGO BIOWORKS HOLDINGS INC,DNA
039687,P,LC,22084,58778,2021-10-14,E,GITLAB INC,GTLB
039800,P,LC,20357,57538,2021-10-01,E,IONQ INC,IONQ
039810,P,LC,22087,58781,2021-10-27,2025-11-28,INFORMATICA INC,INFA
039811,P,LC,22265,58911,2021-11-10,E,RIVIAN AUTOMOTIVE INC,RIVN
039916,P,LC,24688,59755,2024-01-26,E,BRIGHTSPRING HEALTH SVCS INC,BTSG
039935,P,LC,19593,57103,2021-10-21,E,MIRION TECHNOLOGIES INC,MIR
039942,P,LC,22267,58914,2021-11-17,E,BRAZE INC,BRZE
039963,P,LC,22092,58784,2021-11-04,E,KYNDRYL HOLDINGS INC,KD
040092,P,LC,20207,57377,2021-11-05,E,ARCHER AVIATION INC,ACHR
040292,P,LC,22425,59024,2021-12-15,E,SAMSARA INC,IOT
040413,P,LC,87759,18404,2021-12-14,E,TERAWULF INC,WULF
040501,P,LC,23978,59581,2023-06-29,E,SAVERS VALUE VILLAGE INC,SVV
040535,P,LC,22618,59110,2022-01-13,E,TPG INC,TPG
040610,P,LC,22758,59163,2022-02-04,E,ARCELLX INC,ACLX
040614,P,LC,22623,59113,2022-02-02,E,CONSTELLATION ENE CORP,CEG
041059,P,LC,22880,59218,2022-04-05,E,ESAB CORP,ESAB
041084,P,LC,23340,59380,2022-09-15,E,COREBRIDGE FINANCIAL INC,CRBG
041640,P,LC,23439,59414,2022-10-26,E,MOBILEYE GLOBAL INC,MBLY
041716,P,LC,23433,59410,2022-11-01,E,RXO INC,RXO
041818,P,LC,23570,59446,2023-01-04,E,GE HEALTHCARE TECHNOLOGI INC,GEHC
041897,P,LC,23876,59559,2023-05-04,E,KENVUE INC,KVUE
041996,P,LC,23681,59479,2023-02-09,E,NEXTPOWER INC,NXT
042284,P,LC,20204,20531,2023-04-04,E,CRANE NXT CO,CXT
042856,P,LC,23970,59580,2023-06-29,E,KODIAK GAS SERVICES INC,KGS
042950,P,LC,23875,59558,2023-06-01,E,KNIFE RIVER CORP,KNF
043023,P,LC,23941,59576,2023-06-15,E,CAVA GROUP INC,CAVA
043197,P,LC,24174,59644,2023-10-02,E,VERALTO CORP,VLTO
043289,P,LC,24283,59665,2023-09-15,2024-02-29,RAYZEBIO INC,RYZB
043316,P,LC,24258,59656,2023-09-19,E,MAPLEBEAR INC,CART
043515,P,LC,25141,59888,2024-06-07,E,WAYSTAR HOLDING CORP,WAY
043589,P,LC,24965,59836,2024-04-12,E,UL SOLUTIONS INC,ULS
043737,P,LC,25359,59957,2024-07-10,E,TALEN ENERGY CORP,TLN
045094,P,LC,24875,59812,2024-03-20,E,ASTERA LABS INC,ALAB
045097,P,LC,24876,59813,2024-03-21,E,REDDIT INC,RDDT
045167,P,LC,24877,59814,2024-04-01,E,SOLVENTUM CORP,SOLV
045169,P,LC,24878,59815,2024-04-02,E,GE VERNOVA INC,GEV
045238,P,LC,24964,59835,2024-04-11,E,PACS GROUP INC,PACS
045265,P,LC,24971,59840,2024-04-25,E,LOAR HOLDINGS INC,LOAR
045281,P,LC,24972,59841,2024-04-25,E,RUBRIK INC,RBRK
045458,P,LC,25143,59890,2024-06-25,E,GRAIL INC,GRAL
045462,P,LC,25142,59889,2024-06-14,E,TEMPUS AI INC,TEM
045551,P,LC,25886,60090,2024-12-12,E,SERVICETITAN INC,TTAN
045722,P,LC,26126,60135,2025-01-31,2025-11-28,METSERA INC,MTSR
045723,P,LC,26043,60127,2025-01-24,E,VENTURE GLOBAL INC,VG
045768,P,LC,26178,60163,2025-02-13,E,SAILPOINT INC,SAIL
045775,P,LC,26164,4062,2025-01-28,E,SMITHFIELD FOODS INC,SFD
045783,P,LC,26179,60164,2025-02-13,E,KARMAN HOLDINGS INC,KRMN
050389,P,LC,25244,59920,2024-07-25,E,LINEAGE INC,LINE
050617,P,LC,25637,60014,2024-10-02,E,STANDARDAERO INC,SARO
050688,P,LC,25434,59985,2024-09-30,E,AMENTUM HOLDINGS INC,AMTM
050831,P,LC,25687,60023,2024-10-24,E,INGRAM MICRO HOLDING CORP,INGM
050838,P,LC,25661,60018,2024-11-01,E,EVERUS CONSTRCTION GROUP INC,ECG
051008,P,LC,26181,14105,2025-02-24,E,SANDISK CORP,SNDK
051139,P,LC,26444,60212,2025-03-28,E,COREWEAVE INC,CRWV
051314,P,LC,26425,60209,2025-03-31,E,NEWSMAX INC,NMAX
051380,P,LC,27336,60469,2025-09-17,E,STUBHUB HOLDINGS INC,STUB
051461,P,LC,26713,60322,2025-06-05,E,CIRCLE INTERNET GROUP INC,CRCL
051708,P,LC,26756,60336,2025-06-12,E,CHIME FINANCIAL INC,CHYM
051869,P,LC,26798,60343,2025-06-18,E,CARIS LIFE SCIENCES INC,CAI
051878,P,LS,26748,60334,2025-06-12,E,BLUE OWL TECHNOLOGY FIN CORP,OTF
051921,P,LC,26839,60350,2025-06-30,E,RALLIANT CORP,RAL
060758,P,LC,27118,60417,2025-08-07,E,FIREFLY AEROSPACE INC,FLY
060800,P,LC,81740,13758,1995-06-07,E,SINCLAIR INC,SBGI
060846,C,LC,81756,13776,1995-06-14,E,TRANSWITCH CORP,TXCCQ
060849,P,LC,27079,60407,2025-07-31,E,FIGMA INC,FIG
060894,P,LC,81857,13833,1995-07-19,2016-04-01,CAMERON INTERNATIONAL CORP,CAM.4
060900,P,LU,81696,13790,1995-06-21,2024-01-31,DISH NETWORK CORP,DISH
060902,P,LU,81666,30898,1995-06-21,2024-09-30,HAWAIIAN HOLDINGS INC,HA
060923,P,LC,15014,55082,2014-10-10,E,DAVE & BUSTER'S ENTMT INC,PLAY
060969,P,LU,81877,13835,1995-07-06,2003-10-31,LEGATO SYSTEMS INC,LGTO.1
060979,P,LU,81677,30913,1995-06-16,E,WABTEC CORP,WAB
060992,P,LC,81776,30922,1995-07-13,2017-12-29,SUNEDISON INC,SUNEQ
061004,P,LC,89611,14801,2002-12-16,E,ACACIA RESEARCH CORP,ACTG
061059,P,LU,81882,13872,1995-07-25,2001-08-31,MINIMED INC,MNMD.1
061147,P,LU,82228,13917,1995-08-09,2006-02-28,WFS FINANCIAL INC,WFSI
061151,P,LU,81920,30936,1995-08-10,2007-11-30,OAKLEY INC,OO
061153,P,LC,81925,30940,1995-08-10,2015-07-31,GRAFTECH INTERNATIONAL LTD,EAF
061153,C,LC,81925,30940,2015-08-01,2015-08-31,GRAFTECH INTERNATIONAL LTD,EAF
061153,P,LC,17672,30940,2018-04-19,E,GRAFTECH INTERNATIONAL LTD,EAF
061155,P,LC,91262,13927,2006-05-31,2023-03-31,ATLAS AIR WORLDWIDE HLDG INC,AAWW
061181,P,LU,82179,13943,1995-08-16,E,INTEGRA LIFESCIENCES HOLDNGS,IART
061325,P,LC,82272,13979,1995-09-20,E,PEDIATRIX MEDICAL GROUP INC,MD
061340,P,LC,84836,15479,1997-05-19,2004-08-18,PANAMSAT CORP,SPOT.1
061355,P,LU,82255,13998,1995-09-28,2007-12-31,CHECKFREE CORP,CKFR
061380,P,LU,82486,14013,1995-10-02,E,ERIE INDEMNITY CO,ERIE
061399,P,LC,82508,14031,1995-10-06,E,MYRIAD GENETICS INC,MYGN
061408,P,LU,82292,30958,1995-10-11,E,HANOVER INSURANCE GROUP INC,THG
061409,P,LC,82298,30963,1995-10-11,2020-04-24,DIAMOND OFFSHRE DRILLING INC,DO
061420,P,LU,82515,14046,1995-10-13,E,POOL CORP,POOL
061441,P,LC,85374,15676,1997-09-02,2009-06-04,HEARST-ARGYLE TELEVISION,HTV
061445,P,LU,82301,30968,1995-10-24,2002-03-28,INTIMATE BRANDS INC  -CL A,IBI.1
061448,P,LU,82513,14073,1995-10-24,2015-05-29,PHARMACYCLICS INC,PCYC
061483,P,LU,82307,30975,1995-10-31,E,DAVITA INC,DVA
061489,P,LC,85032,15545,2000-07-01,2011-03-31,QWEST COMMUNICATION INTL INC,Q.2
061490,P,LC,82567,14092,1995-11-02,E,OPKO HEALTH INC,OPK
061494,P,LU,82581,14098,1995-11-03,E,HENRY SCHEIN INC,HSIC
061498,P,LU,82551,14099,1995-11-07,2007-04-30,HYPERION SOLUTIONS CORP,HYSL
061513,P,LU,82618,14105,1995-11-08,2016-05-11,SANDISK CORP -OLD,SNDK.1
061518,P,LU,82584,14112,1995-11-09,2007-07-31,INVESTORS FINANCIAL SVCS CP,IFIN.1
061519,P,LU,82649,31205,1995-12-01,E,MATIV HOLDINGS INC,MATV
061552,P,LC,82643,31197,1995-11-15,2016-11-29,LEXMARK INTL INC  -CL A,LXK
061557,P,LU,82546,14129,1995-11-16,2015-07-31,ADVENT SOFTWARE INC,ADVS
061562,P,LU,82547,14143,1995-11-17,E,ADVANCED ENERGY INDS INC,AEIS
061567,P,LC,82642,31196,1995-11-17,E,ESTEE LAUDER COMPANIES INC,EL
061574,P,LU,82651,31208,1995-11-17,E,WATERS CORP,WAT
061576,P,LC,86042,33932,1998-05-13,2017-05-05,HEADWATERS INC,HW
061581,P,LU,82634,31190,1995-11-21,E,BOSTON BEER INC  -CL A,SAM
061591,P,LU,82598,14152,1995-11-21,E,NETAPP INC,NTAP
061600,P,LU,82607,14165,1995-11-22,2017-09-30,PAREXEL INTERNATIONAL CORP,PRXL
061627,P,LU,82606,14173,1995-11-29,2006-05-31,PIXAR,PIXR
061640,P,LU,82697,14176,1995-12-01,2007-08-31,EGL INC,EAGL.1
061655,P,LU,82779,31389,1995-12-13,E,NOVAVAX INC,NVAX
061676,P,LU,82686,14201,1995-12-08,2022-10-31,CITRIX SYSTEMS INC,CTXS
061679,P,LU,83974,14946,1996-09-09,2007-09-28,GREATER BAY BANCORP,GBBK.1
061685,P,LU,82759,14205,1995-12-11,2022-03-31,NUANCE COMMUNICATIONS INC,NUAN
061711,P,LC,82670,14232,2013-05-30,E,TG THERAPEUTICS INC,TGTX
061711,P,LC,82670,14232,1995-12-14,2008-03-25,TG THERAPEUTICS INC,TGTX
061730,P,LC,82751,14228,1995-12-14,2004-05-28,EXTENDED STAY AMERICA -OLD,ESA.
061732,P,LU,82777,31388,1995-12-15,E,MSC INDUSTRIAL DIRECT  -CL A,MSM
061739,P,LC,82775,31386,1995-12-20,E,HARTFORD INSURANCE GROUP INC,HIG
061745,C,LC,82702,14243,2009-03-16,2018-05-06,IMPAX LABORATORIES INC,IPXL
061745,C,LC,82702,14243,1995-12-19,2005-08-07,IMPAX LABORATORIES INC,IPXL
061760,P,LU,83820,31705,1996-08-14,2002-03-28,DAL-TILE INTERNATIONAL INC,DTL.2
061811,P,LU,82800,31574,1996-01-12,E,SOUTHERN COPPER CORP,SCCO
061871,P,LC,82837,14304,1996-01-24,2011-12-05,PHARMACEUTICAL PROD DEV INC,PPDI
061901,P,LC,82831,14309,1996-01-25,2009-02-11,NEOPHARM INC-OLD,NEOL.1
062005,P,LU,83130,14339,1996-02-06,2003-12-31,DOCUMENTUM INC,DCTM
062036,C,LC,83162,14343,2006-04-01,2006-04-28,RENAL CARE GROUP INC,RCI.
062036,P,LC,83162,14343,1996-02-07,2006-03-31,RENAL CARE GROUP INC,RCI.
062261,P,LC,84005,14041,1995-10-11,2008-05-02,GEMSTAR-TV GUIDE INTL INC,GMST
062263,P,LU,83111,14394,1996-02-28,2021-07-30,ALEXION PHARMACEUTICALS INC,ALXN
062266,P,LU,83124,14393,1996-02-28,E,CSG SYSTEMS INTL INC,CSGS
062336,P,LU,83251,14414,1996-03-08,2007-10-31,CYTYC CORP,CYTC
062374,P,LU,83143,14330,1996-02-01,E,IRON MOUNTAIN INC,IRM
062378,P,LU,83272,14427,1996-03-13,E,HUB GROUP INC  -CL A,HUBG
062391,P,LC,83291,14433,1996-03-14,2017-02-28,EARTHLINK HOLDINGS CORP,ELNK
062399,P,LU,83283,14438,1996-03-15,2012-12-31,JDA SOFTWARE GROUP INC,JDAS
062406,P,LU,83202,31593,1996-03-27,2001-08-31,EARTHGRAINS CO,EGR.1
062516,P,LU,83244,14479,1996-03-29,E,CENTURY ALUMINUM CO,CENX
062592,C,LC,86080,16110,1998-05-15,1999-11-16,PROTALIX BIOTHERAPEUTICS INC,PLX
062592,C,LC,86080,16110,2007-03-12,E,PROTALIX BIOTHERAPEUTICS INC,PLX
062599,P,LC,83332,31614,1996-04-04,2006-11-30,LUCENT TECHNOLOGIES INC,LU.1
062602,P,LU,83413,14506,1996-04-04,2015-02-27,SAPIENT CORP,SAPE
062634,P,LC,83435,14521,1996-04-12,2017-06-16,ALTABA INC,AABA
062640,P,LC,91024,50000,2005-12-08,2021-11-18,LORAL SPACE & COMMUNICATIONS,LORL
062655,P,LC,83421,14527,1996-04-17,2021-06-03,DEAN FOODS CO,DFODQ
062667,P,LU,83333,31616,1996-05-09,E,COLLECTIVE BRANDS INC,PSS
062686,P,LC,83366,14548,1996-04-23,2019-11-29,CARBO CERAMICS INC,CRRTQ
062689,N,LC,89346,42932,2002-08-21,2004-04-01,TRAVELERS COS INC,TRV
062689,C,LC,89346,42932,2002-08-01,2002-08-20,TRAVELERS COS INC,TRV
062689,P,LC,89346,42932,2002-03-22,2002-07-31,TRAVELERS COS INC,TRV
062689,P,LC,59459,4293,2004-04-02,E,TRAVELERS COS INC,TRV
062689,P,LC,89495,42932,2002-08-21,2004-04-01,TRAVELERS COS INC,TRV
062712,C,LU,83386,14562,1996-04-26,2010-01-29,I2 TECHNOLOGIES INC,ITWO.1
062730,P,LC,83405,14567,1996-04-30,2016-09-26,POLYCOM INC,PLCM
062756,P,LC,83455,31640,1996-05-22,2005-05-31,PATINA OIL & GAS CORP,POG.3
062784,P,LC,83531,14594,1996-05-07,2008-05-14,MILLENNIUM PHARMACEUTICALS,MLNM
062814,P,LU,83453,31637,1996-05-08,2001-07-31,NOVA CORP/GA,NIS.1
062823,P,LU,83509,14602,1996-05-09,E,FTI CONSULTING INC,FCN
062826,P,LU,83541,14603,1996-05-09,2013-10-31,ONYX PHARMACEUTICALS INC,ONXX
062897,P,LU,83462,31647,1996-05-31,2025-06-12,TUPPERWARE BRANDS CORP,TUPBQ
062921,P,LU,83534,14659,1996-05-23,E,NEUROCRINE BIOSCIENCES INC,NBIX
062922,P,LU,83452,31636,1996-05-23,2012-01-31,99 CENTS ONLY STORES,NDN
062929,P,LC,83581,14657,1996-05-23,2005-07-29,WESTERN WIRELESS CORP  -CL A,WWCA.
062965,P,LC,93312,53374,2010-03-31,E,SS&C TECHNOLOGIES HLDGS INC,SSNC
062967,P,LU,83558,14679,1996-05-31,E,SUNRISE SENIOR LIVING INC,SRZ
062977,N,LX,88811,40999,2000-11-20,2015-03-31,SALIX PHARMACEUTICALS LTD,SLXP
062977,P,LC,88811,40999,2000-11-20,2015-03-31,SALIX PHARMACEUTICALS LTD,SLXP
062984,P,LC,83699,14691,1996-06-05,2013-01-07,TITANIUM METALS CORP,TIE
062990,P,LC,83616,14700,1996-06-06,2016-03-31,AFFYMETRIX INC,AFFX
063023,P,LC,83674,14707,1996-06-11,2002-01-30,MCLEODUSA INC  -CL A,MCLD.1
063051,P,LC,83615,14726,1996-06-14,2006-11-30,ANDRX CORP,ADRX
063080,P,LU,83621,14744,1996-06-20,2025-07-31,ANSYS INC,ANSS
063099,P,LC,83630,14750,2008-11-10,2020-05-29,BROADVISION INC,BVSN
063099,P,LC,83630,14750,1996-06-21,2006-03-05,BROADVISION INC,BVSN
063123,C,LU,83661,14754,1996-06-25,2020-01-01,GENESEE & WYOMING INC  -CL A,GWR
063138,C,LC,83602,31665,1996-07-16,2017-07-31,GLASSBRIDGE ENTERPRISES INC,GLAE
063172,P,LU,83597,31661,1996-06-28,E,FACTSET RESEARCH SYSTEMS INC,FDS
063180,P,LU,83693,14773,1996-06-28,2006-01-31,SIEBEL SYSTEMS INC,SEBL
063194,P,LC,83744,14786,1996-07-02,2008-06-30,CNET NETWORKS INC,CNET.
063196,P,LC,85824,15963,1998-02-11,2008-07-02,GETTY IMAGES INC,GYI
063290,P,LU,83779,14828,1996-07-19,E,PEGASYSTEMS INC,PEGA
063338,P,LU,83799,14838,1996-07-25,E,STRATEGIC EDUCATION INC,STRA
063385,P,LU,83807,14851,1996-07-26,2008-02-29,VENTANA MEDICAL SYSTEM INC,VMSI.1
063417,P,LC,83916,14863,1996-08-01,E,TTEC HOLDINGS INC,TTEC
063422,P,LU,83879,14873,1996-08-02,E,LAMAR ADVERTISING CO  -CL A,LAMR
063442,P,LU,83830,31716,1996-08-07,2001-11-30,INVERNESS MEDICAL TECHNOLGY,IMA.2
063447,P,LU,83822,31710,1996-08-08,E,GUESS INC,GES
063455,P,LU,84003,14886,1996-08-09,2001-02-28,BANK UNITED CORP  -CL A,BNKU.1
063461,P,LU,83828,31715,1996-08-09,2004-10-29,NATIONAL PROCESSING INC,NAP.2
063490,P,LC,83883,14905,1996-08-15,2019-08-06,BIOSCRIP INC,BIOS.1
063500,P,LC,83821,31706,1996-08-16,2004-03-29,DIAL CORPORATION,DL.1
063501,P,LC,83862,14915,1996-08-16,2020-10-30,E TRADE FINANCIAL CORP,ETFC
063527,P,LU,83906,14927,1996-08-23,2024-11-29,STERICYCLE INC,SRCL
063600,P,LC,83928,14959,1996-09-19,2013-05-30,CYMER INC,CYMI
063605,P,LC,92530,31726,2008-02-07,2018-03-29,CALPINE CORP,8356B
063605,P,LC,83981,31726,1996-09-20,2005-12-05,CALPINE CORP,8356B
063607,P,LU,83991,31737,1996-09-20,2007-06-29,HOUSTON EXPLORATION CO,THX
063621,P,LC,83939,14966,1996-09-24,2013-06-12,HOT TOPIC INC,HOTT
063637,P,LU,83995,31741,1996-10-02,2004-12-31,MILLENNIUM CHEMICALS INC,LYO1
063639,P,LC,84007,14969,1996-09-25,E,ONITY GROUP INC,ONIT
063643,P,LU,83976,22200,1996-09-26,E,ABERCROMBIE & FITCH  -CL A,ANF
063645,N,LX,88436,37931,2014-03-31,2017-03-31,ENDO INTERNATIONAL PLC,ENDPQ
063645,P,LC,88436,37931,2000-07-18,2024-05-02,ENDO INTERNATIONAL PLC,ENDPQ
063657,P,LU,83982,31728,1996-09-27,2009-05-31,COX RADIO INC  -CL A,CXR
063669,C,LC,84001,31749,2007-03-31,2007-04-30,UNIVISION COMMUNICATIONS INC,5952B
063669,P,LC,84001,31749,1996-09-27,2007-03-30,UNIVISION COMMUNICATIONS INC,5952B
063678,P,LC,84047,14998,1996-10-01,2004-12-31,ADVANCED FIBRE COMM INC,AFCI
063716,C,LC,84117,15012,2006-03-08,2007-01-03,PEGASUS CO INC (THE),PEGX
063716,C,LC,84117,15012,1996-10-03,2005-05-19,PEGASUS CO INC (THE),PEGX
063728,P,LU,84046,15021,1996-10-08,2004-03-31,ADVANCEPCS,ADVP.
063763,P,LU,84084,15037,1996-10-11,2024-07-31,HIBBETT INC,HIBB
063766,P,LC,84036,31772,1996-10-11,2007-03-30,SABRE HOLDINGS CORP  -CL A,TSG.2
063781,P,LC,84636,15385,1997-03-13,E,WINTRUST FINANCIAL CORP,WTFC
063797,P,LU,84013,31751,1996-11-04,2001-02-28,ACNIELSEN CORP,ART.2
063800,P,LC,84020,31758,1996-11-04,2010-02-25,IMS HEALTH HOLDINGS INC,IMS
063800,P,LC,14570,54806,2014-04-04,2016-09-30,IMS HEALTH HOLDINGS INC,IMS
063804,P,LU,84136,15048,1996-10-17,2005-07-29,TRANSKARYOTIC THERAPIES INC,TKTX
063847,P,LU,84042,31780,1996-10-23,E,PENSKE AUTOMOTIVE GROUP INC,PAG
063863,P,LU,84010,14845,1996-07-25,E,USANA HEALTH SCIENCES INC,USNA
063866,P,LC,84060,15079,1996-10-25,2015-01-21,CUBIST PHARMACEUTICALS INC,CBST
063870,C,LC,84107,15081,2005-12-01,2005-12-30,METRIS COMPANIES INC,MXT.1
063870,P,LC,84107,15081,1996-10-25,2005-11-30,METRIS COMPANIES INC,MXT.1
063876,P,LU,84041,31779,1996-10-25,2025-07-31,TRIUMPH GROUP INC,TGI
063892,P,LC,84032,31769,1996-10-29,E,NOV INC,NOV
063898,P,LC,84031,31768,1996-10-30,2009-02-12,MIDWAY GAMES INC,MWYGQ
063907,C,LC,93080,53248,2009-10-02,2014-11-12,EDUCATION MANAGEMENT CORP,EDMCQ
063907,P,LC,84075,15098,1996-10-31,2006-06-01,EDUCATION MANAGEMENT CORP,EDMCQ
063919,P,LC,84168,31798,1996-11-01,2016-12-05,INGRAM MICRO INC,IM
063927,P,LU,84275,15108,1996-11-01,E,UNITED NATURAL FOODS INC,UNFI
063934,P,LU,84192,15112,1996-11-05,2002-01-31,AVIRON,AVIR.1
063996,P,LU,85668,15159,1996-11-19,2009-04-30,CV THERAPEUTICS INC,CVTX
064004,P,LU,84281,15155,1996-11-19,2014-01-31,VIROPHARMA INC,VPHM
064028,P,LU,84172,31802,1996-11-22,E,NU SKIN ENTERPRISES  -CL A,NUS
064030,P,LU,84262,15171,1996-11-22,E,STEEL DYNAMICS INC,STLD
064048,P,LC,84169,31799,1996-11-26,2006-02-28,LINENS N THINGS INC,LIN.
064055,P,LC,84283,15186,1996-11-26,2006-10-31,WEST CORP,WSTC
064055,P,LC,13830,15186,2013-03-22,2017-10-31,WEST CORP,WSTC
064088,P,LU,84348,15199,1996-12-03,E,VIASAT INC,VSAT
064096,C,LU,84383,31851,1996-12-12,2002-01-31,NEWPORT NEWS SHIPBUILDING,NNS
064103,P,LC,84330,15207,1996-12-06,2016-04-29,POWERWAVE TECHNOLOGIES INC,PWAVQ
064156,P,LC,84342,15229,1996-12-13,2016-10-31,MONSTER WORLDWIDE INC,MWW
064162,P,LC,84364,31821,1997-01-14,2015-02-18,COVANCE INC,CVD
064165,P,LC,84320,15238,1996-12-17,2015-07-01,IGATE CORP,IGTE
064166,P,LU,84373,31838,1997-01-14,E,QUEST DIAGNOSTICS INC,DGX
064175,P,LU,84319,15243,1996-12-18,E,LITHIA MOTORS INC  -CL A,LAD
064262,P,LU,84435,15270,1997-01-13,2003-11-28,ROSLYN BANCORP INC,RSLN
064275,P,LU,20598,737,1996-12-31,E,CAL-MAINE FOODS INC,CALM
064275,C,LU,20598,737,1995-06-01,1996-12-30,CAL-MAINE FOODS INC,CALM
064301,P,LC,84439,15289,1997-01-28,2005-12-30,AMEGY BANCORPORATION INC,ABNK.1
064302,P,LU,84385,31890,1997-01-29,E,INSPERITY INC,NSP
064303,P,LC,84406,15292,1997-01-29,2006-11-30,AMERUS GROUP CO  -CL A,AMH.2
064304,P,LC,84416,15293,1997-01-29,2014-09-30,COLDWATER CREEK INC,CWTRQ
064332,P,LU,84396,31905,1997-01-31,2002-08-30,TRIGON HEALTHCARE INC,TGH.1
064344,P,LU,84588,31933,1997-02-04,E,VAIL RESORTS INC,MTN
064351,P,LU,84525,15319,1997-02-06,2005-06-02,DIGITAL LIGHTWAVE INC,DIGL
064356,P,LC,84519,15321,1997-02-07,E,CIENA CORP,CIEN
064371,P,LC,84553,15327,1997-02-11,2003-08-19,NAVIDEC INC,3NVDC
064389,P,LU,84563,15339,1997-02-14,E,SILGAN HOLDINGS INC,SLGN
064397,P,LC,88424,37920,2000-07-01,2009-12-11,AVOCENT CORP,AVCT.
064410,P,LC,89508,43519,2002-10-01,E,CARMAX INC,KMX
064480,P,LC,84624,15384,1997-03-13,2020-06-30,TIVO CORP,TIVO
064536,P,LU,84606,15376,1997-03-07,E,EURONET WORLDWIDE INC,EEFT
064542,P,LU,84620,15377,1997-03-07,2006-12-29,KOS PHARMACEUTICALS INC,KOSP
064547,P,LC,84389,31896,1997-01-28,E,SOUTH STATE BANK CORP,SSB
064552,P,LC,84597,15370,1997-03-04,2020-10-30,TD AMERITRADE HOLDING CORP,AMTD.
064597,P,LU,84755,15427,1997-04-09,2002-08-29,PEREGRINE SYSTEMS INC,PRGN.1
064606,P,LU,84721,15433,1997-04-11,2008-04-30,BEA SYSTEMS INC,BEAS
064621,P,LU,84644,31938,1997-03-06,2008-12-31,NATIONWIDE FINL SVCS  -CL A,NFS
064630,P,LU,84761,15436,1997-04-15,E,TAKE-TWO INTERACTIVE SFTWR,TTWO
064637,P,LC,84607,15374,1997-03-06,2025-03-31,EMCORE CORP,EMKR
064690,P,LC,84656,31946,1997-04-28,E,AUTOLIV INC,ALV
064699,P,LC,84734,15454,1997-04-30,2022-12-30,FLAGSTAR BANCORP INC,FBC
064741,P,LC,84792,15465,1997-05-09,2011-12-08,BRIGHAM EXPLORATION CO,BEXP
064766,P,LU,84827,15471,1997-05-14,E,RAMBUS INC,RMBS
064768,P,LC,84788,15473,1997-05-15,E,AMAZON.COM INC,AMZN
064794,P,LC,89323,42912,2002-03-18,E,UNITED COMMUNITY BANKS INC,UCB
064796,P,LC,84819,15483,1997-05-21,2021-07-27,MER TELEMGMT SOLUTIONS LTD,MTSL
064853,P,LC,85035,15506,1997-06-03,E,QORVO INC,QRVO
064857,P,LC,85002,15507,1997-06-04,E,SAREPTA THERAPEUTICS INC,SRPT
064891,P,LU,85072,32009,1997-06-12,E,RALPH LAUREN CORP,RL
064901,P,LU,85067,32004,1997-06-13,E,MAXIMUS INC,MMS
064950,P,LU,85011,15541,1997-06-20,2001-04-30,GREAT PLAINS SOFTWARE INC,GPSI.
064967,P,LC,85032,15545,1997-06-24,2000-06-30,QWEST COMMUNICATION INTL-OLD,Q.1
064979,P,LU,85020,15547,1997-06-25,E,PACIFIC PREMIER BANCORP INC,PPBI
064991,P,LC,85025,15551,1997-06-26,2007-03-12,NEW CENTURY FINANCIAL CORP,NEWCQ
064997,P,LU,85059,31994,1997-06-27,E,COMFORT SYSTEMS USA INC,FIX
065006,P,LC,85168,15563,1997-07-01,E,HELIX ENERGY SOLUTIONS GROUP,HLX
065009,P,LC,92245,52690,2007-08-21,E,ARCHROCK INC,AROC
065009,P,LC,85240,32035,1997-07-01,2007-08-20,ARCHROCK INC,AROC
065014,C,LC,85208,15564,2005-12-20,2006-06-20,SCHICK TECHNOLOGIES INC,SCHK.1
065014,C,LC,85208,15564,1997-07-01,1999-09-01,SCHICK TECHNOLOGIES INC,SCHK.1
065021,P,LC,85177,15567,1997-07-02,E,8X8 INC,EGHT
065026,P,LC,85173,15579,1997-07-03,2016-09-26,OUTERWALL INC,OUTR
065068,P,LC,85160,15589,1997-07-11,2001-09-28,AT HOME CORP,3ATHMQ
065084,P,LC,85234,32025,1997-07-15,E,CORECIVIC INC,CXW
065089,P,LD,11674,20574,1962-01-31,1980-12-31,DETROIT EDISON CO,DTE1
065105,P,LU,85232,32023,1997-07-29,2011-09-30,BJ'S WHOLESALE CLUB INC,BJ.1
065106,P,LC,85198,15596,2018-07-16,E,BANK OZK,OZK
065106,P,LU,85198,15596,1997-07-17,2018-07-15,BANK OZK,OZK
065108,P,LU,85246,32039,1997-07-17,E,JONES LANG LASALLE INC,JLL
065142,P,LC,85231,32028,1997-07-28,2011-01-13,COMMSCOPE INC,CTV.2
065156,P,LC,85255,32051,1997-08-08,2008-09-18,CHOICEPOINT INC,CPS.1
065163,P,LU,85239,32031,1997-07-25,2001-10-31,GALILEO INTERNATIONAL INC,GLC.3
065220,P,LU,85280,15633,1997-08-06,2019-12-31,CARRIZO OIL & GAS INC,CRZO
065228,C,LC,86004,16035,1998-04-02,2023-02-28,COLUMBIA BANKING SYSTEM INC,COLB
065228,C,LC,77679,11576,2023-03-01,E,COLUMBIA BANKING SYSTEM INC,COLB
065270,P,LU,85319,15648,1997-08-12,2018-10-31,SYNTEL INC,SYNT
065275,P,LC,13739,54297,2013-01-25,E,BRIGHT HORIZONS FAMILY SOLTN,BFAM
065343,P,LU,85394,15678,1997-09-02,E,PRICESMART INC,PSMT
065345,P,LC,85271,15674,1997-08-29,2017-01-31,AMERICAN CAPITAL LTD,ACAS
065350,P,LC,92505,32063,2008-03-03,E,SOLUTIA INC,SOA
065350,P,LC,85266,32063,1997-09-03,2003-12-16,SOLUTIA INC,SOA
065399,P,LC,85349,32092,1997-10-01,2022-08-31,MERITOR INC,MTOR
065417,P,LC,85348,32093,1997-10-07,E,YUM BRANDS INC,YUM
065424,P,LC,85344,32086,1997-09-18,2002-05-31,SECURITY CAP GRP INC  -CL B,SCZ.3
065430,P,LU,85390,15697,1997-09-19,E,CHILDRENS PLACE INC,PLCE
065459,P,LC,93295,32162,2010-03-18,2018-07-31,SPECTRUM BRANDS HOLDINGS INC,SPB.1
065459,P,LC,85625,32162,1997-11-21,2008-12-19,SPECTRUM BRANDS HOLDINGS INC,SPB.1
065466,P,LU,85380,15707,1997-09-24,2003-08-29,EDWARDS J D & CO,JDEC
065474,P,LU,85353,15716,1997-09-25,2011-10-31,RENAISSANCE LEARNING INC,RLRN
065489,P,LC,85388,15721,1997-09-26,2001-11-28,XO HOLDINGS INC -CL A,3XOHO
065526,P,LC,85909,32075,1998-03-20,2009-04-19,HANOVER CAPITAL MTG HOLDINGS,HCM.1
065540,C,LC,90875,47220,2005-08-03,E,LESAKA TECHNOLOGIES INC,LSAK
065553,P,LC,85511,15744,1997-10-07,2011-11-03,TRIMERIS INC,TRMS
065554,P,LU,85516,15736,1997-10-01,2013-07-31,POWER-ONE INC,PWER.1
065607,P,LU,85488,15739,1997-10-02,E,OSI SYSTEMS INC,OSIS
065609,P,LU,85459,15758,1997-10-15,E,C H ROBINSON WORLDWIDE INC,CHRW
065611,P,LU,85431,32115,1997-11-03,2005-02-28,LNR PROPERTY CORP,LNR.2
065615,P,LU,85517,32132,1997-10-16,E,CHOICE HOTELS INTL INC,CHH
065643,P,LU,87139,35226,1999-08-04,2016-09-30,FAIRCHILD SEMICONDUCTOR INTL,FCS
065671,P,LU,85424,32108,1997-10-23,E,INNOVEX INTERNATIONAL INC,INVX
065676,P,LC,85445,32127,1997-11-03,2013-09-16,INTERMEC INC,IN
065681,P,LC,85495,15777,1997-10-24,2005-10-31,PRIORITY HEALTHCARE CP -CL B,PHCC.1
065702,P,LU,85464,15783,1997-10-29,E,CASELLA WASTE SYS INC  -CL A,CWST
065706,P,LC,92923,53144,2009-05-12,2012-06-30,ABOVENET INC,ABVT
065706,P,LC,85479,15781,1997-10-29,2002-05-17,ABOVENET INC,ABVT
065718,P,LU,85427,32111,1997-10-30,E,GROUP 1 AUTOMOTIVE INC,GPI
065772,P,LU,85621,32158,1997-11-14,E,METTLER-TOLEDO INTL INC,MTD
065886,P,LU,85593,32136,1997-11-21,E,AFFILIATED MANAGERS GRP INC,AMG
065899,P,LU,85576,15843,1997-11-21,2022-12-30,REALNETWORKS INC,RNWK
065904,P,LU,85522,15854,1997-11-25,2017-01-31,APPLIED MICRO CIRCUITS CORP,AMCC
065967,P,LC,85675,15867,1997-12-04,2018-10-10,ENVISION HEALTHCARE CORP,EVHC
066009,P,LC,26720,60325,2025-06-05,E,BITMINE IMMERSION TECH INC,BMNR
066016,P,LC,85645,32174,1997-12-11,E,INGREDION INC,INGR
066032,P,LU,85710,15890,1997-12-12,E,POWER INTEGRATIONS INC,POWI
066061,P,LU,85647,32176,1997-12-18,2012-11-30,DOLLAR THRIFTY AUTOMOTIVE GP,DTGF
066065,P,LU,85663,32191,1997-12-18,E,UNITED RENTALS INC,URI
066096,C,LC,85661,32189,1997-12-22,2004-04-12,STATEN ISLAND BANCORP INC,SIB.
066235,P,LC,85741,15933,1998-01-29,E,HOPE BANCORP INC,HOPE
066265,P,LU,85769,34635,1998-01-29,2001-03-30,KEEBLER FOODS CO,KBL
066354,P,LC,85763,34627,1998-01-21,E,W P CAREY INC,WPC
066368,P,LU,85753,15940,1998-01-30,E,VERISIGN INC,VRSN
066371,P,LU,85768,34633,1998-01-27,E,IES HOLDINGS INC,IESC
066379,P,LC,85724,15934,1998-01-29,E,PERDOCEO EDUCATION CORP,PRDO
066393,P,LU,85738,15939,1998-01-30,E,MERCURY SYSTEMS INC,MRCY
066435,P,LC,85933,15961,1998-02-11,2005-04-29,PROVINCE HEALTHCARE CO,PRV.1
066446,P,LU,85792,34660,1998-02-12,E,QUANTA SERVICES INC,PWR
066468,P,LU,85836,15970,1998-02-13,2006-02-28,MICROMUSE INC,MUSE.1
066507,P,LU,85816,15980,1998-02-20,2005-07-29,DOUBLECLICK INC,DCLK
066599,P,LC,85931,34707,1998-03-05,2021-05-28,WADDELL&REED FINL INC  -CL A,WDR
066673,P,LC,85876,16016,1998-03-17,2006-05-31,INDEPENDENCE CMNTY BK CORP,ICBC
066684,P,LU,85929,34705,1998-03-30,2001-06-29,SODEXHO MARRIOTT SVCS INC,SDH.1
066697,N,LX,86444,34949,1998-12-08,2003-01-31,INOVIO PHARMACEUTICALS INC,INO
066697,P,LC,86444,34949,1998-12-08,E,INOVIO PHARMACEUTICALS INC,INO
066698,P,LC,85864,16017,1998-03-18,2009-10-01,CURAGEN CORP,CRGN
066708,P,LC,85963,16056,1998-04-17,2016-01-29,BROADCOM CORP,BRCM
066731,P,LU,86102,34765,1998-05-14,E,FEDERATED HERMES INC,FHI
074340,P,LC,27291,60458,2025-09-11,E,FIGURE TECHNOLOGY SOLUTIONS,FIGR
074496,P,LC,27471,60507,2025-10-09,E,ALLIANCE LAUNDRY HOLDING INC,ALH
074615,P,LC,27632,60542,2025-10-30,E,NAVAN INC,NAVN
074628,P,LC,27644,60547,2025-11-04,E,BETA TECHNOLOGIES INC,BETA
074725,P,LC,27656,60548,2025-11-06,E,BILLIONTOONE INC,BLLN
074797,P,LC,27549,60521,2025-10-30,E,SOLSTICE ADVANCED MTRILS INC,SOLS
074813,P,LC,27598,60532,2025-11-03,E,QNITY ELECTRONICS INC,Q
100644,P,LC,20745,58054,2021-04-30,E,FERGUSON ENTERPRISES INC,FERG
105365,P,LC,86111,34770,1998-06-05,E,AMERICAN TOWER CORP,AMT
105936,P,LU,85863,16029,1998-03-27,E,COLUMBIA SPORTSWEAR CO,COLM
106368,P,LU,85870,16018,1998-03-19,2001-09-25,EXODUS COMMUNICATIONS INC,3EXDSQ
106900,P,LC,85879,16021,1998-03-24,2006-10-31,INTERNET SECURITY SYSTEMS,ISSX
109683,P,LC,85994,16060,1998-04-20,2016-07-29,FIRST NIAGARA FINANCIAL GRP,FNFG
109826,P,LU,85992,16065,1998-04-23,E,MANHATTAN ASSOCIATES INC,MANH
110039,P,LU,86047,16080,1998-05-01,E,AMKOR TECHNOLOGY INC,AMKR
110533,P,LU,86034,34759,1998-05-12,2013-04-30,SAUER-DANFOSS INC,SHS
110685,P,LC,86021,34746,1998-05-19,2019-06-30,L3 TECHNOLOGIES INC,LLL.1
110728,P,LC,86083,16119,1998-05-20,E,INTERPACE BIOSCIENCES INC,IDXG
110732,P,LC,86097,16123,1998-05-26,2016-05-31,WASTE CONNECTIONS INC,WCN
111064,P,LU,86196,16133,1998-06-02,2019-05-31,ULTIMATE SOFTWARE GROUP INC,ULTI.1
111488,P,LU,86173,16141,1998-06-10,2003-03-31,INKTOMI CORP,INKT.1
111534,P,LC,86211,16149,1998-06-11,E,STRATEGY INC,MSTR
111631,P,LC,93240,53338,2010-02-01,2013-04-30,DEX MEDIA INC,DXMMQ
111631,P,LC,86109,34769,1998-06-19,2008-12-31,DEX MEDIA INC,DXMMQ
111662,P,LC,86150,16158,1998-06-17,2017-12-15,BEBE STORES INC,BDST
111864,P,LU,86158,16167,1998-06-19,E,COGNIZANT TECH SOLUTIONS,CTSH
111873,P,LC,13687,54265,2012-11-02,E,RH,RH
111961,P,LU,86249,16232,1998-07-28,2013-06-06,CENTRAL EUROPEAN DIST CORP,CEDCQ
112033,P,LC,86176,16179,1998-06-25,2011-02-28,KING PHARMACEUTICALS INC,KG.1
112111,P,LU,86288,16188,1998-07-01,E,COSTAR GROUP INC,CSGP
112168,P,LC,86228,34838,1998-07-01,E,REPUBLIC SERVICES INC,RSG
112178,P,LU,86235,16195,1998-07-02,2006-03-31,ABGENIX INC,ABGX
112179,P,LC,86238,16190,1998-07-01,2003-05-23,ALLEGIANCE TELECOM INC,3ALGXQ
112366,P,LC,87131,16201,1998-07-08,2013-07-31,KNIGHT CAPITAL GROUP INC,KCG.1
112754,P,LC,88516,38417,2000-08-15,2016-01-29,DYAX CORP,DYAX
112759,P,LC,86233,34843,2014-10-01,E,CENTRUS ENERGY CORP,LEU
112759,J,LC,86233,34843,2014-09-30,2014-09-30,CENTRUS ENERGY CORP,LEU
112759,C,LC,86233,34843,2014-09-01,2014-09-29,CENTRUS ENERGY CORP,LEU
112759,P,LC,86233,34843,1998-07-23,2014-08-31,CENTRUS ENERGY CORP,LEU
113362,P,LU,86322,16257,1998-08-11,2015-02-27,DIGITAL RIVER INC,DRIV.1
113419,P,LC,86305,34849,1998-08-13,2018-10-04,CONVERGYS CORP,CVG
113490,P,LC,86339,16268,1998-08-18,E,CROWN CASTLE INC,CCI
114303,P,LC,87029,22281,1999-08-16,2002-08-30,CONOCO INC,COC1
114484,P,LC,90733,16283,2005-06-29,2014-03-31,LEAP WIRELESS INTL INC,LEAP.5
114524,P,LU,86356,16285,1998-09-24,E,EBAY INC,EBAY
114628,P,LU,86868,35048,1999-05-04,E,GOLDMAN SACHS GROUP INC,GS
114777,P,LU,86448,34954,1998-12-31,2002-10-31,PENNZOIL-QUAKER STATE CO,PZL
115404,P,LC,90914,47452,2009-10-24,2017-09-15,WEBMD HEALTH CORP,WBMD
115404,P,LC,86721,16406,1999-02-11,2009-10-23,WEBMD HEALTH CORP,WBMD
115566,P,LC,86437,16308,1998-11-05,2009-11-06,UCBH HOLDINGS INC,UCBHQ
115872,P,LU,86401,34907,1998-11-11,2005-03-31,FOX ENTERTAINMENT GROUP INC,FOX.3
115873,P,LU,86411,34918,1998-11-11,2004-07-30,MONY GROUP INC,MNY.4
115876,P,LU,86432,16313,1998-11-12,E,PROSPERITY BANCSHARES INC,PB
116004,P,LC,79788,12586,1993-11-17,2010-04-01,ALLIED CAPITAL CORP,ALD.1
116104,C,LC,91302,50841,2011-03-01,2011-03-04,J CREW GROUP INC,0190A
116104,P,LC,91302,50841,2006-06-28,2011-02-28,J CREW GROUP INC,0190A
116144,P,LC,67563,6458,1998-11-01,2002-11-06,GOLDEN STATE BANCORP INC,GSB.2
116144,C,LC,67563,6458,1998-09-30,1998-10-31,GOLDEN STATE BANCORP INC,GSB.2
116395,C,LC,86542,16329,1998-12-03,2003-01-17,TICKETMASTER ENTERTNMNT INC,TKTM
116503,P,LU,86534,16331,1998-12-04,E,P F CHANGS CHINA BISTRO INC,PFCB
116504,P,LC,86489,16332,1998-12-04,E,SLEEP NUMBER CORP,SNBRQ
116526,P,LC,86496,16338,1999-01-04,2011-04-29,CONEXANT SYSTEMS INC,CNXT.1
116609,P,LU,86445,34950,1998-12-10,2001-02-28,INFINITY BROADCASTING CORP,INF.3
116772,P,LC,86544,16347,1998-12-15,2023-11-30,AVANTAX INC,AVTA
116787,P,LC,86525,16349,1998-12-16,2014-12-04,CONCUR TECHNOLOGIES INC,CNQR
116857,P,LU,86447,34953,1999-01-04,2005-06-30,CAESARS ENTERTAINMENT -OLD,CZR.2
117161,P,LC,86582,16374,1999-01-08,2022-02-28,STERLING BANCORP,STL
117768,P,LU,86580,16382,1999-01-22,E,NVIDIA CORP,NVDA
117861,P,LU,86547,34964,1999-01-29,E,DAUCH CORP,DCH
117902,P,LC,86560,34977,1999-01-29,2023-05-16,AUDACY INC,AUDAQ
118003,P,LC,86602,35003,1999-02-02,2009-11-03,PEROT SYSTEMS CORP,PER.1
118042,P,LU,86719,16402,1999-02-08,E,EAST WEST BANCORP INC,EWBC
118081,P,LC,86709,16397,1999-02-04,2017-08-31,ALBANY MOLECULAR RESH INC,AMRI
118121,P,LC,86715,16398,1999-02-05,2015-02-13,CORINTHIAN COLLEGES INC,COCOQ
118122,P,LC,86591,34988,1999-02-05,2005-10-10,APTIV PLC,APTV
118223,P,LU,86717,16410,1999-02-12,2022-05-31,BOTTOMLINE TECHNOLOGIES INC,EPAY
118267,P,LU,86594,2572,1999-02-11,E,KORN FERRY,KFY
118284,P,LC,89837,44384,2003-09-03,2003-12-19,UNITED PAN-EUROPE COMMNS NV,UGCE.1
118304,P,LC,87598,17935,2003-02-18,2007-11-16,DOBSON COMMUNICATIONS CORP,DCEL.1
118304,P,LC,87598,17935,2000-02-04,2002-10-28,DOBSON COMMUNICATIONS CORP,DCEL.1
118321,P,LC,86735,16412,1999-02-12,2006-03-10,SERENA SOFTWARE INC,SRNA.1
118445,P,LU,86739,16418,1999-02-19,2009-07-31,VIGNETTE CORP,VIGN
118502,P,LU,86720,16422,1999-02-23,2017-04-28,CEB INC,CEB
118577,P,LC,86725,16425,1999-02-26,2014-02-03,LIFE TECHNOLOGIES CORP,LIFE.3
118795,P,LC,86759,35017,1999-03-05,2015-01-07,QUICKSILVER RESOURCES INC,KWKAQ
119216,P,LC,86789,16446,1999-04-05,2010-05-14,VARIAN INC,VARI
119217,P,LC,86791,16444,1999-04-05,2011-11-09,VARIAN SEMICONDUCTOR EQUIPMT,VSEA
119275,P,LU,86778,16455,1999-03-30,E,MKS INC,MKSI
119314,P,LC,86783,16454,1999-03-30,E,BOOKING HOLDINGS INC,BKNG
119316,P,LU,86810,35037,1999-04-08,E,TREX CO INC,TREX
119414,P,LU,86820,16457,1999-04-01,E,CAPITOL FEDERAL FINL INC,CFFN
119417,P,LC,86756,35014,1999-03-31,2010-02-26,PEPSI BOTTLING GROUP INC,PBG
119574,P,LU,86822,16466,1999-04-09,E,EXTREME NETWORKS INC,EXTR
119714,P,LC,86819,16488,1999-04-23,E,ATLANTICUS HOLDINGS CORP,ATLC
119753,P,LC,86813,16479,1999-04-16,2005-08-31,ACCREDO HEALTH INC,ACDO
119756,P,LC,86809,35035,1999-04-16,2016-03-07,STANCORP FINANCIAL GROUP INC,SFG
120093,P,LC,86799,35026,1999-04-30,E,CNX RESOURCES CORP,CNX
120134,P,LC,86830,16496,1999-04-29,2015-08-06,INFORMATICA CORP,INFA.1
120178,P,LU,86927,16500,1999-05-03,2001-05-31,VOICESTREAM WIRELESS CORP,VSTR.
120297,P,LC,86899,16517,1999-05-12,2018-11-30,LIFEPOINT HEALTH INC,LPNT
120300,P,LU,86913,16513,1999-05-06,2005-06-28,PORTAL SOFTWARE INC,PRSF.
120301,P,LC,88372,16512,2000-07-01,E,URBAN ONE INC,UONEK
120301,J,LC,88372,16512,2000-06-07,2000-06-30,URBAN ONE INC,UONEK
120302,P,LU,86923,16515,1999-05-12,2007-07-31,TRIAD HOSPITALS INC,TRI.Z
120359,P,LC,86926,16525,1999-05-12,2014-10-31,TW TELECOM INC,TWTC
120444,P,LU,86876,35057,1999-05-12,E,WESCO INTL INC,WCC
120458,P,LC,12835,53804,2011-06-17,2017-11-30,BANKRATE INC,RATE.1
120595,P,LC,86914,16533,1999-05-18,2004-01-02,REDBACK NETWORKS INC,RBAK
120774,P,LC,86881,16546,1999-05-25,2017-11-16,BROCADE COMMUNICATIONS SYS,BRCD
120839,P,LU,86897,16553,1999-05-27,2004-10-29,INET TECHNOLOGIES INC,INET.1
120877,P,LC,86946,35164,1999-06-15,2017-07-31,REYNOLDS AMERICAN INC,RAI
121077,P,LU,86964,16561,1999-06-04,E,F5 INC,FFIV
121142,P,LU,86949,35167,1999-06-09,E,SKECHERS U S A INC,SKX
121257,P,LC,86990,16581,1999-06-11,E,GREAT ELM GROUP INC,GEG
121382,P,LU,86996,16584,1999-06-16,E,SBA COMMUNICATIONS CORP,SBAC
121436,P,LU,86968,16591,1999-06-18,2003-10-31,OVERTURE SERVICES INC,OVER
121440,P,LU,87006,16587,1999-06-17,E,UNITED THERAPEUTICS CORP,UTHR
121493,P,LC,87013,16603,1999-06-23,E,ARIBA INC,ARBA
121513,N,LX,86950,35168,1999-06-23,2001-11-30,TD WATERHOUSE GROUP INC,TWE
121513,P,LU,86950,35168,1999-06-23,2001-11-30,TD WATERHOUSE GROUP INC,TWE
121613,P,LC,86969,16601,1999-06-23,2004-02-27,GLOBESPANVIRATA INC,GSPN.
121656,P,LC,86958,16605,1999-06-24,2010-07-30,CYBERSOURCE CORP,CYBS
121673,P,LU,87000,16612,1999-06-25,2021-10-29,STAMPS.COM INC,STMP
121718,P,LU,86979,16614,1999-06-25,2025-07-31,JUNIPER NETWORKS INC,JNPR
121754,P,LC,87103,16628,1999-07-01,2004-10-18,COMMERCE ONE INC,CMRCQ
121816,P,LC,87020,16624,1999-06-30,2017-06-22,PRIVATEBANCORP INC,PVTB
121834,P,LC,87100,16632,1999-07-01,2005-07-29,ASK JEEVES INC,ASKJ
121844,P,LC,87049,35189,1999-07-30,2007-02-06,YANKEE HOLDING CORP,0040A
121934,P,LC,87054,16643,1999-07-09,2011-08-31,PETROHAWK ENERGY CORP,BHP1
122015,P,LC,87070,16646,1999-07-13,2015-10-30,HUDSON CITY BANCORP INC,HCBK
122061,P,LC,87092,16648,1999-07-14,2014-12-05,TIBCO SOFTWARE INC,TIBX
122077,P,LU,87065,16651,1999-07-15,2001-04-30,EFFICIENT NETWORKS INC,EFNT
122096,P,LU,87110,35201,1999-07-21,2005-12-30,INSIGHT COMMUNICATIONS CO,1215B
122159,P,LC,87099,35190,1999-07-21,2011-01-05,ART TECHNOLOGY GROUP INC,ARTG
122172,P,LC,87075,16665,1999-07-23,E,ZIFF DAVIS INC,ZD
122175,P,LC,87084,16687,2007-12-26,E,VIRNETX HOLDING CORP,VHC
122175,P,LC,87084,16687,1999-07-30,2001-10-08,VIRNETX HOLDING CORP,VHC
122255,P,LC,87078,16666,1999-07-23,2008-10-12,ALLSCRIPTS HLTHCR SOLTNS-OLD,MDRX.1
122257,P,LU,87056,16668,1999-07-23,E,BIOMARIN PHARMACEUTICAL INC,BMRN
122357,P,LU,87111,16673,1999-07-30,2003-01-16,LIBERATE TECHNOLOGIES,LBTE
122357,C,LU,87111,16673,1999-07-28,1999-07-29,LIBERATE TECHNOLOGIES,LBTE
122380,P,LU,87034,35177,1999-07-29,E,LENNOX INTERNATIONAL INC,LII
122394,P,LU,87086,16678,1999-07-29,E,PERFICIENT INC,PRFT
122436,P,LC,87081,16685,1999-07-30,2006-06-30,NETIQ CORP,NTIQ
122536,P,LC,87167,16702,1999-08-05,2018-04-30,ACTUA CORP,ACTA
122674,P,LC,87165,16701,1999-08-05,2014-11-28,MOVE INC,MOVE.1
122841,P,LC,87184,16753,1999-08-11,2019-07-31,RED HAT INC,RHT
122902,P,LU,87179,16758,1999-08-12,E,NETSCOUT SYSTEMS INC,NTCT
122921,P,LC,87182,16762,1999-08-13,E,QUEST SOFTWARE INC,QSFT
123094,P,LU,87153,16864,1999-08-20,2007-07-31,AGILE SOFTWARE CORP,AGIL.1
123097,P,LU,87140,35227,1999-08-19,2011-06-30,LABRANCHE & CO INC,LAB.1
123138,P,LU,87249,17116,1999-09-14,2002-10-21,PURCHASEPRO.COM,PROE
123500,P,LC,89884,44522,2003-10-03,2005-08-05,SPECTRASITE INC,SSI.2
123500,P,LC,87252,16918,1999-09-03,2002-11-25,SPECTRASITE INC,SSI.2
123995,P,LC,87228,17127,1999-09-22,2005-09-29,E.PIPHANY INC,EPNY
124198,P,LC,87261,17147,1999-09-24,2016-07-05,UNITED ONLINE INC,UNTD
124314,P,LU,87248,17150,1999-09-28,2005-02-28,AIRGATE PCS INC,PCSA.1
124319,P,LC,87229,17151,1999-09-28,2008-12-31,FOUNDRY NETWORKS INC,FDRY
124321,P,LC,87233,17165,1999-09-30,2008-02-28,GOLDEN TELECOM INC,GLDN.1
124361,P,LU,87254,17156,1999-09-29,2005-12-30,SPINNAKER EXPLORATION CO,SKE.2
124394,P,LU,87255,17161,1999-09-30,2016-09-30,TIVO INC,TIVO.1
124434,P,LC,87267,36336,1999-10-01,E,BLACKROCK INC,BLK
124441,P,LC,87295,36360,1999-10-01,2002-02-28,WILTEL COMMUNICATIONS GROUP,WTEL
124442,P,LC,87357,17177,1999-10-05,2008-07-29,XM SATELLITE RADIO HLDGS INC,XMSR
124614,P,LU,87284,36351,1999-10-07,2003-11-28,NEUBERGER BERMAN INC,NEU.
124677,P,LU,87326,17193,1999-10-08,2001-12-31,ILLUMINET HOLDINGS INC,ILUM.1
124678,P,LC,87327,17191,1999-10-08,2009-03-16,INTERWOVEN INC,IWOV
125240,P,LC,87356,17205,1999-10-19,E,TKO GROUP HOLDINGS INC,TKO
125315,P,LC,87298,17213,1999-10-21,2009-01-12,NEXCEN BRANDS INC,NEXC
125360,P,LC,87343,17216,1999-10-22,2016-11-30,SYCAMORE NETWORKS INC,SCMR
125533,P,LC,87292,36357,1999-11-05,2010-11-16,PACTIV CORP,PTV
125583,P,LU,87349,17296,1999-10-28,2008-02-29,SUNCOM WIRELESS HOLDINGS INC,TPC.2
125595,P,LC,87299,17300,1999-10-29,E,AKAMAI TECHNOLOGIES INC,AKAM
125604,P,LC,87337,17303,1999-10-29,E,PLUG POWER INC,PLUG
125794,P,LC,13704,54278,2012-12-10,E,NEOGENOMICS INC,NEO
126056,P,LC,87430,17314,1999-11-05,E,KRATOS DEFENSE & SECURITY,KTOS
126136,P,LC,87378,17322,1999-11-09,2009-04-06,CHARTER COMMUNICATIONS INC,CHTR
126136,P,LC,12308,17322,2010-09-14,E,CHARTER COMMUNICATIONS INC,CHTR
126295,P,LU,87450,17337,1999-11-11,2003-11-28,EDISON SCHOOLS INC,EDSN
126296,P,LC,90808,47013,2005-07-29,E,EXPEDIA GROUP INC,EXPE
126296,P,LC,87388,17323,1999-11-10,2003-08-08,EXPEDIA GROUP INC,EXPE
126322,P,LC,87419,17336,1999-11-11,2010-07-30,SONICWALL INC,SNWL
126417,P,LC,87390,17342,1999-11-12,2019-09-30,FINISAR CORP,FNSR
126423,P,LC,90377,7317,2019-10-28,E,ONTO INNOVATION INC,ONTO
126554,P,LC,87432,36364,1999-11-18,E,AGILENT TECHNOLOGIES INC,A
126599,P,LC,87412,17397,1999-11-18,2005-04-29,RETEK INC,RETK
126720,P,LU,87423,17416,1999-11-23,2002-02-28,TELECORP PCS INC  -CL A,TLCP.1
126721,P,LU,87445,36380,1999-11-30,E,TELEDYNE TECHNOLOGIES INC,TDY
127377,P,LC,87487,17502,1999-12-10,E,BGC GROUP INC,BGC
127384,P,LU,87513,17498,1999-12-10,2004-08-31,TULARIK INC,TLRK
127439,P,LC,87492,17517,1999-12-14,E,CATALYST HEALTH SOLUTIONS,CHSI
127480,P,LU,87465,36558,1999-12-16,2005-02-28,INFONET SERVICES CORP,IN.2
128659,P,LC,87536,36612,2000-01-27,2004-04-28,HANCOCK JOHN FINL SVCS INC,JHF
128663,P,LC,87632,17905,2000-02-29,2016-09-30,SEQUENOM INC,SQNM
128663,C,LC,87632,17905,2000-02-01,2000-02-28,SEQUENOM INC,SQNM
128978,P,LC,87541,23511,2000-01-28,E,PACKAGING CORP OF AMERICA,PKG
129418,P,LC,87585,17927,2000-02-03,2006-02-01,ALAMOSA HOLDINGS INC,APCS
129442,P,LC,87618,17931,2000-02-04,2011-03-04,MEDIACOM COMMUNICATIONS CORP,MCCC
129467,P,LC,87588,17934,2000-02-04,2009-04-30,AVANEX CORP,AVNX
130049,P,LC,87644,17969,2000-02-11,2007-06-01,WEBMETHODS INC,WEBM.
130305,P,LC,87633,17986,2000-02-15,2011-07-29,SAVVIS INC,SVVS
130762,P,LC,87612,18314,2000-02-25,2017-02-28,INTERSIL CORP  -CL A,ISIL
130766,P,LC,87623,18305,2000-02-23,2006-06-30,NEXTEL PARTNERS INC,NXTP.1
131425,P,LC,87627,18312,2000-02-25,2003-06-20,HOTELS.COM,ROOM.
132361,P,LC,87587,18327,2000-02-29,2007-08-10,AQUANTIVE INC,AQNT
132405,P,LC,87793,18330,2000-03-01,2006-05-31,MATRIXONE INC,MONE.1
132502,P,LC,87800,18342,2000-03-02,2010-07-02,PALM INC,PALM
132518,P,LC,87752,18350,2000-03-03,2014-01-31,ASIAINFO-LINKAGE INC,ASIA.1
132525,P,LC,87825,18348,2000-03-03,E,UTSTARCOM HOLDINGS CORP,UTSI
133049,P,LC,87823,18436,2000-03-17,2004-09-01,UAGH INC,5069B
133170,P,LC,87660,36955,2000-03-21,2008-04-21,GRANT PRIDECO INC,GRP.
133246,P,LC,87785,18456,2000-03-24,2014-09-30,INTERMUNE INC,ITMN
133288,P,LC,87812,18455,2000-03-24,E,SILICON LABORATORIES INC,SLAB
133366,P,LC,87657,36952,2000-04-03,E,EDWARDS LIFESCIENCES CORP,EW
133367,P,LC,87659,36954,2000-04-04,E,EDGEWELL PERSONAL CARE CO,EPC
133547,P,LC,88207,37389,2000-03-31,2014-12-09,CONVERSANT INC,CNVR
133726,P,LC,88152,37148,2000-04-04,2022-07-29,CMC MATERIALS INC,CCMP
133731,P,LC,88199,37191,2000-04-07,2007-08-02,TANOX INC,TNOX
133767,P,LC,88172,37166,2000-04-05,2016-07-27,KRISPY KREME INC,DNUT
133768,P,LC,87842,37138,2000-04-05,E,METLIFE INC,MET
133769,P,LC,88202,37194,2009-11-25,2010-12-03,ULTICOM INC,ULCM
133769,P,LC,88202,37194,2000-04-05,2007-01-30,ULTICOM INC,ULCM
133869,P,LC,88174,37168,2000-04-07,E,LIVEPERSON INC,LPSN
133885,P,LC,88159,37154,2000-04-11,E,EXELIXIS INC,EXEL
134164,P,LC,88478,37967,2000-07-28,2007-05-25,WEBEX COMMUNICATIONS INC,WEBX.1
134384,P,LC,88646,39175,2000-09-29,E,STEC INC,STEC.1
134452,P,LC,88198,37190,2000-04-28,2005-08-25,SEEBEYOND TECHNOLOGY CORP,SBYN
134845,P,LC,89001,41670,2001-07-09,2004-10-26,AT&T WIRELESS SERVICES INC,AWE.2
134932,P,LC,88182,37176,2000-04-28,E,ON SEMICONDUCTOR CORP,ON
135044,P,LC,88260,37524,2000-05-19,E,PIXELWORKS INC,PXLW
135484,P,LC,23887,925,2000-08-31,2020-04-23,FRONTIER COMMUNIC PARENT INC,FYBR
135484,P,LC,21297,58293,2021-05-04,E,FRONTIER COMMUNIC PARENT INC,FYBR
135708,P,LC,88254,37519,2000-05-18,2004-03-31,NEW FOCUS INC,NUFO
135805,P,LC,88575,38470,2000-08-04,2010-11-30,MICROTUNE INC,TUNE.1
135865,P,LC,88430,37925,2000-07-28,2007-01-31,BROADWING CORP,BWNG
135914,P,LC,88364,37734,2000-06-01,2002-06-21,ONI SYSTEMS CORP,ONIS
135945,P,LC,88248,37512,2000-05-24,2008-10-31,CENTILLIUM COMMUNICATIONS,CTLM
135965,P,LC,88264,37528,2000-05-25,E,RIBBON COMMUNICATIONS INC,RBBN
135969,P,LC,88237,37502,2000-05-24,2007-08-20,UNIVERSAL COMPRESSION HLDGS,UCO.1
135990,P,LC,90071,37496,2004-03-25,E,NRG ENERGY INC,NRG
135990,P,LC,88232,37496,2000-05-31,2002-06-03,NRG ENERGY INC,NRG
136009,P,LC,88235,37498,2000-05-26,2002-10-30,PURE RESOURCES INC,PRS.3
136186,P,LC,88351,37726,2000-06-01,E,INSMED INC,INSM
136264,P,LC,88342,37717,2000-06-02,2004-09-30,EXULT INC,EXLT
136265,P,LC,88343,37718,2000-06-06,2023-11-30,BANC OF CALIFORNIA INC,BANC
136648,P,LC,88319,37682,2011-01-10,E,VISTEON CORP,VC
136648,P,LC,88319,37682,2000-06-29,2009-03-05,VISTEON CORP,VC
136725,P,LC,88352,37727,2000-06-13,E,INTUITIVE SURGICAL INC,ISRG
136804,P,LC,88331,37706,2000-06-21,2016-11-30,CEPHEID INC,CPHD
136884,P,LC,88335,37710,2000-06-16,2015-06-30,DENDREON CORP,DNDNQ
137067,P,LC,88347,37723,2000-06-21,2003-10-28,HANDSPRING INC,HAND
137131,P,LC,88281,37660,2000-06-23,E,CHARLES RIVER LABS INTL INC,CRL
137232,P,LC,88313,37678,2000-06-26,2017-05-26,JANUS CAPITAL GROUP INC,JNS
137310,P,LC,88360,37731,2000-06-27,E,MARVELL TECHNOLOGY INC,MRVL
137373,C,LC,88332,37707,2000-06-29,2023-10-04,CAPSTONE ENERGY INC,CEPL
137436,P,LC,88378,37745,2000-06-30,2003-08-15,STORAGENETWORKS INC,3STOR
137573,P,LC,88439,37932,2000-07-11,E,ENTEGRIS INC,ENTG
137602,P,LC,88417,37913,2000-07-11,E,AXCELIS TECHNOLOGIES INC,ACLS
137609,N,LX,16939,56071,2017-10-10,2023-05-31,MAXAR TECHNOLOGIES INC,MAXR
137609,P,LC,16939,56071,2017-10-10,2023-05-31,MAXAR TECHNOLOGIES INC,MAXR
137611,P,LC,19675,37957,2000-07-12,2018-05-31,SOHU COM LIMITED,SOHU
137704,P,LC,88458,37949,2000-07-14,2016-01-29,OMNIVISION TECHNOLOGIES INC,OVTI
137943,P,LC,88485,38389,2000-08-02,E,ENTRAVISION COMMUNICATIONS,EVC
138122,P,LC,88421,37917,2000-07-28,2022-03-31,ARENA PHARMACEUTICALS INC,ARNA
138123,P,LC,88434,37929,2000-07-27,2006-09-12,DISCOVERY PARTNERS INTL INC,DPII
138201,P,LC,88423,37919,2000-07-28,2009-07-31,SOAPSTONE NETWORKS INC,SOAP
138205,P,LC,88446,37938,2000-07-28,E,ILLUMINA INC,ILMN
138404,P,LC,88578,38472,2000-08-03,2005-09-13,VICURON PHARMACEUTICALS INC,MICU
138483,P,LC,88504,38406,2000-08-04,E,BRUKER CORP,BRKR
138607,P,LC,88911,38440,2001-02-08,2007-01-29,MCDATA CORP  -CL A,MCDTA
138607,N,LC,88543,38440,2001-02-08,2007-01-29,MCDATA CORP  -CL A,MCDTA
138607,C,LC,88543,38440,2001-02-01,2001-02-07,MCDATA CORP  -CL A,MCDTA
138607,P,LC,88543,38440,2000-08-09,2001-01-31,MCDATA CORP  -CL A,MCDTA
138608,P,LC,88545,38442,2000-08-08,2020-01-31,MEDICINES CO (THE),MDCO
138741,P,LC,88499,38401,2000-08-11,2011-06-17,AMERICAN MEDICAL SYSTMS HLDS,AMMD
138743,P,LC,89617,38419,2002-12-31,E,EQUINIX INC,EQIX
138843,P,LC,88539,38437,2000-08-15,2006-06-30,LEXAR MEDIA INC,LEXR
139025,P,LC,89395,43147,2002-05-28,E,PINNACLE FINL PARTNERS INC,PNFP
139662,P,LC,88587,39130,2000-10-02,2007-10-25,AVAYA INC,5933B
139665,P,LC,48506,20610,2000-10-03,E,MOODY'S CORP,MCO
139804,P,LC,88648,39177,2000-09-21,E,TTM TECHNOLOGIES INC,TTMI
139985,P,LC,88622,39155,2000-09-26,2005-06-15,COSINE COMMUNICATIONS INC,COSN
140030,P,LC,88739,40210,2000-10-04,2014-12-22,OPLINK COMMUNICATIONS INC,OPLK
140033,P,LC,91071,50187,2006-01-11,2010-12-05,GENON ENERGY INC,GEN.3
140033,P,LC,88992,41582,2010-12-06,2012-12-31,GENON ENERGY INC,GEN.3
140033,P,LC,88601,39144,2001-01-22,2003-07-14,GENON ENERGY INC,GEN.3
140073,P,LC,88615,39150,2000-09-29,E,INTEGER HOLDINGS CORP,ITGR
140541,P,LC,88661,40143,2000-10-05,E,TAPESTRY INC,TPR
140569,P,LC,88748,40218,2000-10-11,2008-08-18,W-H ENERGY SERVICES INC,WHQA
140759,P,LC,88750,40220,2000-10-18,2017-04-18,IXIA,XXIA
140760,P,LC,88668,40148,2000-10-18,2018-06-29,MONSANTO CO,MON.1
140800,P,LC,88682,40159,2000-10-20,2004-06-30,WESTPORT RESOURCES CORP,WRC.1
140902,P,LC,89685,43910,2003-02-28,2014-09-24,NII HOLDINGS INC,NIHD
140904,P,LC,88799,40989,2000-11-02,2011-08-23,EVERGREEN SOLAR INC,ESLRQ
140977,P,LC,88992,41582,2001-05-01,2010-12-05,RRI ENERGY INC,RRI.3
140988,P,LC,14521,54772,2014-03-27,E,TRINET GROUP INC,TNET
141044,P,LC,88813,41001,2000-11-07,2009-01-30,TRANSMETA CORP,TMTA
141057,P,LC,88804,40994,2000-11-10,2001-12-31,LUMINENT INC,LMNE
141138,P,LC,88819,41006,2000-11-14,2002-02-19,ORION POWER HOLDINGS INC,RRI1
141197,P,LC,88790,40981,2000-11-17,2019-07-31,ARRAY BIOPHARMA INC,ARRY.1
141277,P,LC,88863,41157,2001-01-31,E,EXACT SCIENCES CORP,EXAS
141321,P,LC,88821,41008,2000-12-12,2006-05-18,SYBRON DENTAL SPECIALTIES,SYD.1
141382,P,LC,88972,41465,2001-04-05,2005-02-24,SELECT MEDICAL CORP,SEM.4
141384,P,LC,88860,41154,2001-01-26,E,ALIGN TECHNOLOGY INC,ALGN
141390,P,LC,89375,43020,2002-04-12,2003-08-29,RIBAPHARM INC,RNA.1
141400,P,LC,26382,20745,2000-12-01,2011-06-01,MASSEY ENERGY CO,MEE
141460,P,LC,88949,41391,2001-03-07,2023-12-29,SEAGEN INC,SGEN
141845,P,LC,89400,41358,2005-02-01,2005-05-27,AGERE SYSTEMS INC,AGR.3
141845,J,LC,89400,41358,2002-06-03,2005-01-31,AGERE SYSTEMS INC,AGR.3
141845,P,LC,88917,41358,2005-05-31,2007-03-30,AGERE SYSTEMS INC,AGR.3
141845,J,LC,88917,41358,2005-02-01,2005-05-30,AGERE SYSTEMS INC,AGR.3
141845,P,LC,88917,41358,2001-03-28,2005-01-31,AGERE SYSTEMS INC,AGR.3
141846,P,LC,90177,45190,2004-05-27,E,ACADIA PHARMACEUTICALS INC,ACAD
141913,P,LC,88873,41168,2001-02-01,E,GLOBAL PAYMENTS INC,GPN
141982,P,LC,88906,41266,2001-02-06,2014-12-04,ATP OIL & GAS CORP,ATPAQ
141983,P,LC,88910,41272,2001-02-08,2008-11-14,BEARINGPOINT INC,BGPTQ
142088,P,LC,88908,41269,2001-02-20,2020-06-30,CENTERSTATE BANK CORP,CSFL
142260,P,LC,88897,41259,2001-02-09,E,OIL STATES INTL INC,OIS
142337,P,LC,92601,52977,2008-03-26,E,NORTHERN OIL & GAS INC,NOG
142382,P,LC,88922,41365,2001-03-09,2010-03-09,ENCORE ACQUISITION CO,EAC.1
142390,P,LC,88913,41273,2001-02-16,2003-09-10,RIVERSTONE NETWORKS INC,RSTN.1
142459,P,LC,89035,41705,2001-06-08,2007-04-19,UNITED SURGICAL PRTNRS -OLD,USPI.1
142460,P,LC,88991,41580,2001-05-23,2016-04-13,PEABODY ENERGY CORP,BTU
142460,P,LC,16689,55925,2017-04-04,E,PEABODY ENERGY CORP,BTU
142462,P,LC,89008,41682,2001-06-20,2016-06-30,PHOENIX COMPANIES INC,PNX
142463,P,LC,88977,41556,2001-05-18,2005-12-30,INSTINET GROUP INC,INGP.
142748,P,LC,89497,43501,2001-04-02,2013-10-31,ARBITRON INC,ARB.1
142811,P,LC,89004,41678,2001-06-14,2017-01-31,FMC TECHNOLOGIES INC,FTI.1
142814,P,LC,89290,42651,2002-01-29,E,SYNAPTICS INC,SYNA
142945,P,LC,89727,44027,2003-04-15,2010-07-16,ARENA RESOURCES INC,ARD.1
142953,P,LC,89006,41680,2001-06-13,E,MONDELEZ INTERNATIONAL INC,MDLZ
142955,P,LC,88983,41563,2001-05-17,2003-11-28,TELLIUM INC,TELM
142956,P,LC,89110,41980,2001-08-07,E,OMNICELL INC,OMCL
143073,J,LX,89007,41681,2003-03-31,2009-10-30,ODYSSEY RE HOLDINGS CORP,ORH
143073,P,LC,89007,41681,2001-06-14,2009-10-30,ODYSSEY RE HOLDINGS CORP,ORH
143356,P,LC,89258,42524,2001-12-13,E,PRUDENTIAL FINANCIAL INC,PRU
143640,P,LC,88989,41578,2001-05-15,2014-11-28,KINDER MORGAN MANAGEMENT LLC,KMR
143710,C,LC,88987,41577,2021-02-22,2023-07-21,WILLIAMS INDUSTRIAL SE G INC,WLMSQ
143710,C,LC,88987,41577,2010-08-10,2016-03-30,WILLIAMS INDUSTRIAL SE G INC,WLMSQ
143710,C,LC,88987,41577,2001-05-18,2006-09-28,WILLIAMS INDUSTRIAL SE G INC,WLMSQ
143912,P,LC,89031,41562,2001-06-07,E,AXON ENTERPRISE INC,AXON
143974,P,LC,89002,41671,2001-06-08,E,BREAD FINANCIAL HOLDINGS INC,BFH
144066,P,LC,89014,41688,2001-07-02,2018-11-30,ROCKWELL COLLINS,COL
144119,P,LC,89003,41673,2001-07-09,2006-01-31,CERTEGY INC,CEY.3
144135,P,LC,89271,42542,2001-12-07,2011-07-05,LAWSON SOFTWARE INC,LWSN
144396,P,LC,89167,42265,2001-10-25,E,CROSS COUNTRY HEALTHCARE INC,CCRN
144519,P,LC,89247,42512,2001-12-11,2007-01-26,ARAMARK CORP,0083A
144520,P,LC,89215,42400,2001-11-13,E,AMN HEALTHCARE SERVICES INC,AMN
144559,P,LC,89070,41870,2001-08-07,E,ZIMMER BIOMET HOLDINGS INC,ZBH
144640,P,LC,89327,42915,2002-03-14,E,ASBURY AUTOMOTIVE GROUP INC,ABG
144998,P,LC,90175,45186,2004-05-12,E,XPO INC,XPO
145042,P,LC,89203,42385,2001-11-13,2017-11-30,ADVISORY BOARD CO,ABCO
145046,P,LC,89179,42273,2001-10-30,E,ELEVANCE HEALTH INC,ELV
145049,P,LC,89301,42775,2005-10-01,E,GAMESTOP CORP,GME
145049,N,LC,89301,42775,2004-11-15,2005-09-30,GAMESTOP CORP,GME
145049,C,LC,89301,42775,2004-11-01,2004-11-14,GAMESTOP CORP,GME
145049,P,LC,89301,42775,2002-02-13,2004-10-31,GAMESTOP CORP,GME
145186,P,LC,89347,42933,2002-03-12,2008-08-04,WCI COMMUNITIES INC,WCIC
145308,P,LC,89244,42430,2025-07-07,E,WW INTERNATIONAL INC,WW
145308,P,LC,89244,42430,2001-11-15,2025-05-15,WW INTERNATIONAL INC,WW
145367,P,LC,89204,42386,2001-11-06,2012-12-31,AMERIGROUP CORP,AGP
145431,P,LC,89374,43019,2002-04-30,2005-09-30,PREMCOR INC,PCO.2
145471,P,LC,89311,42786,2002-02-15,2002-10-31,PAYPAL INC,PYPL.1
145512,P,LC,89265,42536,2001-12-14,2008-09-10,APP PHARMACEUTICALS INC,APPX.1
145513,P,LC,89275,42545,2001-12-12,2004-04-30,NETSCREEN TECHNOLOGIES INC,NSCN
145552,P,LC,89269,42540,2001-12-13,E,CENTENE CORP,CNC
145701,P,LC,89195,42285,2001-10-23,E,PRINCIPAL FINANCIAL GRP INC,PFG
145702,P,LC,89260,42530,2001-12-14,2005-06-30,UNITED DEFENSE INDUSTRIES,UDI.2
145977,P,LC,89217,42402,2001-11-29,E,ADVANCE AUTO PARTS INC,AAP
145979,P,LC,90643,46538,2010-12-22,2016-11-30,ACCURIDE CORP,ACW
145979,P,LC,90643,46538,2005-04-26,2008-11-11,ACCURIDE CORP,ACW
146017,P,LC,89216,42401,2001-11-14,E,ACUITY INC,AYI
146156,P,LC,89230,42415,2001-11-23,2017-10-02,ALERE INC,ALR.
146171,P,LC,89307,42784,2002-02-07,2022-09-30,MANTECH INTL CORP,MANT
146616,P,LC,90125,45081,2004-04-14,E,CORCEPT THERAPEUTICS INC,CORT
146617,P,LC,89326,42914,2002-03-12,2006-06-30,ANTEON INTERNATIONAL CORP,ANT.2
146738,P,LC,89986,44803,2022-04-13,E,APPLIED DIGITAL CORP,APLD
146738,P,LC,89986,44803,2004-01-30,2008-09-28,APPLIED DIGITAL CORP,APLD
147175,P,LC,17279,56249,2008-06-10,2015-06-30,LORILLARD INC,LO
147204,P,LC,89297,42769,2002-02-05,E,COGENT COMMUNICATIONS HLDGS,CCOI
147242,P,LC,89397,43149,2010-07-06,2025-11-28,VERINT SYSTEMS INC,VRNT
147242,P,LC,89397,43149,2002-05-16,2007-01-31,VERINT SYSTEMS INC,VRNT
147305,P,LC,89353,42997,2002-04-12,E,JETBLUE AIRWAYS CORP,JBLU
147310,P,LC,24256,21215,2002-02-14,2003-03-26,TOUCH AMERICA HOLDINGS,TCAHQ
147579,P,LC,89393,43145,2002-05-23,E,NETFLIX INC,NFLX
147637,P,LC,89442,43280,2002-06-05,2003-08-29,VERIDIAN CORP,VNX.1
147638,P,LC,89409,43163,2002-05-09,2018-02-28,REGAL ENTERTAINMENT GROUP,RGC.1
147644,P,LC,89390,43143,2002-05-17,2007-11-02,KYPHON INC,KYPH
147658,P,LC,89431,43269,2002-06-27,2010-10-01,HEWITT ASSOCIATES INC,HEW
147661,P,LC,89399,43151,2002-05-16,2016-04-21,ARO LIQUIDATION INC,AROPQ
147868,P,LC,89394,43146,2002-05-30,E,BED BATH & BEYOND INC,BBBY
147885,P,LC,89389,43142,2002-05-23,2005-07-29,EON LABS INC,ELAB.1
147988,P,LC,91975,52247,2007-05-10,E,AECOM,ACM
148069,P,LC,89414,43251,2002-06-21,2005-05-31,CTI MOLECULAR IMAGING INC,CTMI
148169,P,LC,90280,45420,2004-07-22,2014-08-29,IDENIX PHARMACEUTICALS INC,IDIX
148170,P,LC,92213,52663,2007-08-28,E,RIOT PLATFORMS INC,RIOT
148221,P,LC,93247,53340,2010-02-11,2011-09-08,GRAHAM PACKAGING CO INC,GRM
148281,P,LC,91116,50316,2006-03-03,2010-11-10,MARINER ENERGY INC,ME.2
148349,P,LC,91152,50481,2006-03-15,E,TRANSDIGM GROUP INC,TDG
148390,P,LC,89753,44115,2003-06-12,E,FORMFACTOR INC,FORM
148870,P,LC,89426,43263,2002-07-01,2009-02-26,ADVANCED MEDICAL OPTICS INC,EYE.3
148950,P,LC,89406,43159,2002-06-03,E,ENPRO INC,NPO
149070,P,LC,89626,43791,2002-12-06,E,CME GROUP INC,CME
149089,P,LC,89806,44267,2003-08-01,2009-03-05,CITADEL BROADCASTING CORP,CDELB
149177,P,LC,89916,44625,2003-11-24,E,NEXSTAR MEDIA GROUP,NXST
149268,P,LC,89636,43802,2002-12-19,2013-05-30,FREEPORT MCMRN OIL&GAS -REDH,FMOG
149318,P,LC,89533,43620,2002-10-25,E,WYNN RESORTS LTD,WYNN
149337,P,LC,90601,46282,2005-02-10,E,NASDAQ INC,NDAQ
149738,P,LC,93150,43340,2009-12-10,2022-01-31,CIT GROUP INC,CIT
149738,P,LC,89463,43340,2002-07-02,2009-11-02,CIT GROUP INC,CIT
150139,P,LC,89540,43626,2002-10-16,E,DICKS SPORTING GOODS INC,DKS
150278,P,LC,89876,44506,2003-10-24,E,CARTER'S INC,CRI
150279,P,LC,89653,43857,2003-01-16,E,PROVIDENT FINANCIAL SVCS INC,PFS
150306,P,LC,89826,44292,2003-08-13,E,TEXAS CAPITAL BANCSHARES INC,TCBI
150397,P,LC,89607,43724,2002-11-08,2005-12-30,WELLCHOICE INC,WC
150477,P,LC,89574,43690,2002-11-08,E,PRA GROUP INC,PRAA
150481,P,LC,89506,43508,2002-10-01,E,SAIA INC,SAIA
150699,P,LC,89509,43520,2002-10-01,2021-10-29,CIMAREX ENERGY CO,XEC
151016,P,LC,89680,43907,2003-02-27,2007-11-06,DADE BEHRING HOLDINGS INC,DADE
151630,P,LC,90436,45865,2004-11-01,E,HALOZYME THERAPEUTICS INC,HALO
151708,P,LC,89647,43849,2003-01-03,2011-03-31,BROOKFIELD RESIDENTIAL PPTYS,BRP.2
151829,P,LC,89638,43804,2003-01-07,2004-12-14,TEXAS GENCO HOLDINGS INC,TGN.11
152149,P,LC,89781,44184,2003-07-02,E,MOLINA HEALTHCARE INC,MOH
152248,P,LC,90055,44915,2004-02-05,2007-07-11,TODCO,THE
153668,P,LC,89644,43846,2003-01-13,2013-06-28,VIRGIN MEDIA INC,VMED
153728,P,LC,89796,44172,2003-07-24,2019-02-28,IPASS INC,IPAS
154056,P,LC,89850,44394,2003-09-18,2013-07-31,NATIONAL FINANCIAL PRTNRS CP,NFP
154357,P,LC,93422,53439,2010-07-01,2021-03-31,QEP RESOURCES INC,QEP
154511,P,LC,27712,60564,2025-11-20,E,CENTRAL BANCOMPANY,CBC
154755,P,LC,89805,44266,2003-08-07,2014-04-30,CAPITALSOURCE INC,CSE
155393,P,LC,89901,44613,2020-09-02,2022-07-29,WHITING PETROLEUM CORP,WLL
155393,C,LC,89901,44613,2020-09-01,2020-09-01,WHITING PETROLEUM CORP,WLL
155393,P,LC,89901,44613,2003-11-20,2020-08-31,WHITING PETROLEUM CORP,WLL
155394,P,LC,89866,44497,2003-10-03,E,LKQ CORP,LKQ
155395,P,LC,89957,44710,2003-12-12,2005-04-29,INTERNATIONAL STEEL GRP INC,ISG.1
155735,P,LC,89830,44377,2003-09-24,2008-03-17,AMIS HOLDINGS INC,AMIS
155795,P,LC,89918,44627,2003-11-06,2008-03-07,PHARMION CORP,PHRM.
155934,P,LC,89899,44611,2003-11-25,2007-11-23,SIRVA INC  -REDH,SRVA
156133,P,LC,89868,44499,2003-10-30,2006-11-30,MYOGEN INC,MYOG
156153,P,LC,89922,44631,2003-11-13,E,ADEIA INC,ADEA
156155,P,LC,89900,44612,2003-11-25,E,TD SYNNEX CORP,SNX
156156,P,LC,89877,44512,2003-10-31,2016-08-31,FIRST MARBLEHEAD CORP,FMD
156292,P,LC,90008,44814,2004-01-30,2005-11-30,EYETECH PHARMACEUTICALS INC,EYET
156383,P,LC,89946,44699,2003-12-04,2024-05-31,AMERICAN NATIONAL GROUP INC,AEL
156614,P,LC,89908,44619,2003-11-25,2025-07-31,CONN'S INC,CONNQ
156617,P,LC,91086,50290,2006-02-10,2024-08-30,ACORDA THERAPEUTICS INC,ACORQ
156618,P,LC,90132,45086,2004-04-02,2011-04-15,NEWALLIANCE BANCSHARES INC,NAL
156861,P,LC,89971,44726,2003-12-18,E,SOMNIGROUP INTERNATIONAL INC,SGI
156953,P,LC,90037,44892,2004-02-12,E,HILLTOP HOLDINGS INC,HTH
157057,P,LC,90038,44893,2004-02-05,E,ASSURANT INC,AIZ
157074,P,LC,90017,44819,2004-01-13,2014-03-31,CROSSTEX ENERGY INC,XTXI
157153,P,LC,89952,44705,2003-12-12,E,COMPASS MINERALS INTL INC,CMP
157218,P,LC,89904,44616,2003-11-21,2018-02-28,BUFFALO WILD WINGS INC,BWLD
157354,P,LC,89960,44712,2003-12-09,E,KRONOS WORLDWIDE INC,KRO
157373,P,LC,16736,55954,2017-05-10,E,VISTRA CORP,VST
157415,P,LC,90052,44911,2004-02-03,2015-05-29,TRW AUTOMOTIVE HOLDINGS CORP,TRW
157433,P,LC,90247,45378,2004-07-22,2006-01-31,DEX MEDIA INC-OLD,DEX.2
157635,P,LC,90022,44878,2004-02-12,2011-05-31,ATHEROS COMMUNICATIONS INC,ATHR.1
157855,P,LC,90215,45288,2004-06-23,E,SALESFORCE INC,CRM
157858,P,LC,90435,45382,2004-12-03,2006-12-01,FREESCALE SEMICONDUCTOR INC,BX1
157858,J,LC,90251,45382,2004-12-01,2006-12-01,FREESCALE SEMICONDUCTOR INC,BX1
157858,P,LC,90251,45382,2004-07-30,2004-11-30,FREESCALE SEMICONDUCTOR INC,BX1
158354,P,LC,90162,45174,2004-05-25,E,GENWORTH FINANCIAL INC,GNW
158473,P,LC,90565,46163,2005-02-10,2011-01-12,SYNIVERSE HOLDINGS INC-OLD,SVR.1
158563,P,LC,90126,45082,2004-04-29,E,CYTOKINETICS INC,CYTK
158736,P,LC,90180,45193,2004-05-11,2011-02-17,ATLAS ENERGY INC,ATLS.2
158740,P,LC,90135,45089,2004-04-22,2009-06-25,SIRF TECHNOLOGY HOLDINGS INC,SIRF
158742,P,LC,90454,45878,2004-11-05,E,MARKETAXESS HOLDINGS INC,MKTX
158743,P,LC,91977,45679,2007-05-23,E,B&G FOODS INC,BGS
160183,P,LC,90210,45284,2004-06-30,2015-06-10,LIFE TIME FITNESS INC,LTM.2
160211,P,LC,90248,45379,2004-07-13,E,DOMINO'S PIZZA INC,DPZ
160225,P,LC,91233,50700,2006-05-25,E,MASTERCARD INC,MA
160232,P,LC,90287,45427,2004-07-09,2012-02-29,NETLOGIC MICROSYSTEMS INC,NETL.1
160255,P,LC,90110,45068,2004-05-03,2015-09-02,HOSPIRA INC,HSP
160256,P,LC,91937,52120,2007-04-19,2013-04-30,METROPCS COMMUNICATIONS INC,PCS.2
160260,P,LC,90309,45472,2004-08-06,2008-07-09,NAVTEQ CORP,NVT.1
160272,P,LC,90275,45416,2004-07-23,2015-01-30,AUXILIUM PHARMA INC,AUXL
160329,P,LC,90319,45483,2004-08-19,E,ALPHABET INC,GOOGL
160329,J,LC,14542,45483,2014-04-03,E,ALPHABET INC,GOOGL
160340,P,LC,90285,45425,2004-07-28,E,MANNKIND CORP,MNKD
160341,P,LC,90533,46102,2005-01-28,E,W&T OFFSHORE INC,WTI
160373,P,LC,90708,46692,2005-05-03,E,MORNINGSTAR INC,MORN
160374,P,LC,90321,45484,2004-08-05,2007-04-19,NEW RIVER PHARMA INC,NRPH
160376,P,LC,90427,45732,2004-10-05,E,TEXAS ROADHOUSE INC,TXRH
160416,P,LC,90426,45731,2004-10-21,2014-09-30,TOWER GROUP INTL LTD,TWGP
160498,P,LC,90356,45557,2004-09-24,2010-12-01,COGENT INC,COGT.1
160549,J,LC,90227,45301,2014-03-01,E,LIBERTY GLOBAL LTD,LBTYK
160549,P,LC,90227,45301,2004-06-08,2014-02-28,LIBERTY GLOBAL LTD,LBTYK
160598,P,LC,90353,45555,2004-09-23,2025-04-30,BEACON ROOFING SUPPLY INC,BECN
160661,P,LC,92132,52406,2007-06-28,2015-08-31,POLYPORE INTERNATIONAL INC,PPO
160668,P,LC,90423,45728,2004-10-05,E,INNOVIVA INC,INVA
160684,P,LC,90312,45475,2004-08-11,E,WESTLAKE CORP,WLK
160719,P,LC,90536,46105,2005-01-26,2016-01-29,GFI GROUP INC,GFIG
160770,N,LX,14054,54484,2013-07-15,2024-01-31,MIRATI THERAPEUTICS INC,MRTX
160770,P,LC,14054,54484,2013-07-15,2024-01-31,MIRATI THERAPEUTICS INC,MRTX
160776,P,LC,90090,44999,2004-03-23,E,SIGNATURE BANK/NY,SBNY
160785,P,LC,19721,20851,2004-07-01,E,PURSUIT ATTRC AND HSPTLY INC,PRSU
160811,P,LC,90613,46423,2005-03-09,2007-12-19,INTL SECURITIES EXCHNG HLDGS,ISE
160888,P,LC,90455,45879,2004-11-19,E,MONOLITHIC POWER SYSTEMS INC,MPWR
160893,P,LC,90249,45380,2004-07-30,E,ENERSYS,ENS
160912,P,LC,90374,45685,2004-10-28,2016-08-22,DREAMWORKS ANIMATION SKG INC,DWA
160913,P,LC,90444,45871,2004-11-11,E,ORMAT TECHNOLOGIES INC,ORA
161000,P,LC,90760,46883,2005-06-24,2014-04-30,KKR FINANCIAL HOLDINGS LLC,9470B
161036,P,LC,13110,53934,2011-11-18,2016-09-30,MATTRESS FIRM HOLDING CORP,MFRM.1
161040,P,LC,90833,47186,2005-08-11,2016-04-22,HEARTLAND PAYMENT SYSTEMS,HPY
161067,P,LC,90493,46013,2004-12-16,2012-04-30,ADVANCE AMER CASH ADVANCE CT,AEA
161110,P,LC,90501,46020,2004-12-09,2009-07-31,FOUNDATION COAL HOLDINGS INC,FCL.2
161120,P,LC,90507,46026,2004-12-16,2022-07-29,MACQUARIE INFRASTR HOLD LLC,MIC.3
161797,P,LC,90439,45868,2004-11-11,2011-12-01,NALCO HOLDING CO,NLC
161844,P,LC,90505,46024,2004-12-15,E,LAS VEGAS SANDS CORP,LVS
161993,P,LC,90677,46666,2005-05-06,2008-08-28,BOIS D ARC ENERGY INC,BDE.
161997,P,LC,90409,45716,2004-10-13,E,HURON CONSULTING GROUP INC,HURN
162129,P,LC,90386,45695,2004-10-25,E,MOSAIC CO,MOS
162175,P,LC,90541,46109,2005-01-27,2011-09-01,OPTIONSXPRESS HOLDINGS INC,OXPS
162198,P,LC,90463,45885,2004-11-23,2008-05-07,UAP HOLDING CORP,UAPH
162254,P,LC,90520,46091,2005-01-21,E,CELANESE CORP,CE
162283,P,LC,90994,48794,2005-11-21,2011-06-14,INTERNATIONAL COAL GROUP INC,ICO
162335,P,LC,90564,46162,2005-02-10,E,PRESTIGE CONSUMER HEALTHCARE,PBH
162354,P,LC,90550,46149,2005-02-17,E,DOLBY LABORATORIES INC,DLB
162385,P,LC,90569,46169,2005-02-16,E,WEX INC,WEX
162401,P,LC,90558,46156,2005-02-11,E,HUNTSMAN CORP,HUN
162404,P,LC,90734,46857,2005-06-09,2023-02-28,LHC GROUP INC,LHCG
162448,P,LC,90547,46145,2005-02-15,2016-07-29,ALPHA NATURAL RESOURCES INC,ANRZQ
162449,P,LC,91500,51308,2006-10-20,E,EXLSERVICE HOLDINGS INC,EXLS
162459,P,LC,90494,46014,2004-12-10,2021-04-30,HIGHPOINT RESOURCES CORP,HPR
162556,P,LC,90616,46427,2005-03-17,2006-07-31,PANAMSAT HOLDING CORP,PA
162559,C,LC,90701,46687,2005-05-05,E,LAZARD INC,LAZ
162560,P,LC,90634,46441,2005-03-15,E,AXOS FINANCIAL INC,AX
162733,P,LC,90657,46553,2005-04-29,2018-08-31,VERIFONE SYSTEMS INC,PAY.4
162770,P,LC,91832,51819,2007-02-06,2016-07-24,SYNTA PHARMACEUTICALS CORP,SNTA
162876,P,LC,91018,49994,2005-12-02,2021-09-30,CORE MARK HOLDING CO INC,CORE
162887,P,LC,90664,46559,2005-04-14,E,DEXCOM INC,DXCM
162897,P,LC,90946,23442,2005-10-07,2010-12-21,AMERICAN COMMERCIAL LINES,ACLI
162906,P,LC,90992,48792,2005-11-11,2016-07-12,IHS MARKIT LTD,INFO.1
162909,P,LC,84553,15327,2007-01-12,2015-03-02,BPZ RESOURCES INC,BPZRQ
162957,P,LC,90849,47195,2005-08-17,2015-01-30,ROCKWOOD HOLDINGS INC,ROC.3
163036,P,LC,90720,46846,2005-06-22,E,BUILDERS FIRSTSOURCE,BLDR
163118,P,LC,90699,46685,2005-05-11,2011-07-29,WARNER MUSIC GROUP CORP,WMG
163118,P,LC,19403,46685,2020-06-03,E,WARNER MUSIC GROUP CORP,WMG
163601,P,LC,90751,46874,2005-06-29,2011-05-25,DSW INC-OLD,DSW.2
163610,P,LC,90993,48793,2005-11-16,E,INTERCONTINENTAL EXCHANGE,ICE
163627,P,LC,90807,47012,2005-07-21,2016-02-26,DIAMOND FOODS INC,DMND
163628,P,LC,90800,47007,2005-07-21,2008-01-29,ADAMS RESPIRATORY THERAPTCS,ARXT
163629,P,LC,90763,46886,2005-06-29,2017-08-07,NEUSTAR INC,NSR.3
163669,P,LC,90786,46996,2005-07-26,2016-10-31,ITC HOLDINGS CORP,ITC1
163720,P,LC,90725,46850,2005-06-16,2010-07-30,EV3 INC,EVVV
163770,P,LC,90848,47194,2005-08-11,2005-10-13,REFCO INC,RFXCQ
163772,P,LC,91029,50005,2005-12-16,2009-05-06,SPANSION INC,CODE
163878,P,LC,91605,51441,2006-11-10,2018-07-31,CAPELLA EDUCATION CO,CPLA
163893,P,LC,90867,47213,2005-08-03,2015-02-27,MWI VETERINARY SUPPLY,MWIV
163920,P,LC,90776,46890,2005-06-30,E,WESTERN ALLIANCE BANCORP,WAL
163927,P,LC,90814,47019,2005-07-22,2014-07-22,HITTITE MICROWAVE CORP,HITT
163939,P,LC,90779,46986,2005-07-28,2017-07-31,ALON USA ENERGY INC,ALJ
163941,P,LC,90914,47452,2005-09-29,2009-10-23,WEBMD HEALTH CORP -OLD,WBMD.1
163946,P,LC,90829,47183,2005-08-11,E,CF INDUSTRIES HOLDINGS INC,CF
163948,P,LC,90831,47184,2005-08-05,2015-06-30,DRESSER-RAND GROUP INC,DRC
163983,P,LC,90775,46889,2005-06-28,E,TREEHOUSE FOODS INC,THS
163993,P,LC,90920,47860,2005-10-19,2007-07-12,CBOT HOLDINGS INC,BOT.2
164046,N,LX,92619,52991,2008-04-08,E,GRAN TIERRA ENERGY INC,GTE
164046,P,LC,92619,52991,2008-04-08,E,GRAN TIERRA ENERGY INC,GTE
164266,P,LC,91141,50473,2006-03-15,2016-09-30,MEDIVATION INC,MDVN
164296,J,LC,92778,47011,2008-09-18,2022-04-08,WARNER BROS DISCOVERY INC,WBD
164296,P,LC,90805,47011,2005-07-21,2022-04-08,WARNER BROS DISCOVERY INC,WBD
164296,P,LC,22976,59247,2022-04-11,E,WARNER BROS DISCOVERY INC,WBD
164364,P,LC,90952,47880,2005-10-12,2022-04-29,INVESTORS BANCORP INC,ISBC
164416,P,LC,90971,48773,2005-11-09,E,IROBOT CORP,IRBTQ
164422,P,LC,91032,50007,2005-12-13,2015-10-30,DEALERTRACK TECHNOLOGIES INC,TRAK.1
164433,P,LC,90802,47008,2005-08-01,2007-09-14,CHAPARRAL STEEL CO,CHAP.1
164471,P,LC,91212,50692,2006-05-18,2010-10-19,RESTAURANT BRANDS INTL INC,QSR
164471,P,LC,13430,54100,2012-06-20,2014-12-12,RESTAURANT BRANDS INTL INC,QSR
164494,P,LC,91594,51433,2006-11-21,2025-12-31,SPIRIT AEROSYSTEMS HOLDINGS,SPR
164543,P,LC,91195,50606,2006-04-21,E,COMPLETE PRODUCTION SERVICES,CPX
164557,P,LC,90870,47216,2005-08-10,E,RBC BEARINGS INC,RBC
164571,P,LC,91045,50019,2005-12-16,2011-05-31,EMERGENCY MEDICAL SVCS CORP,EMS
164607,P,LC,90951,47879,2015-11-09,2016-06-14,HERCULES OFFSHORE INC,HEROQ
164607,P,LC,90951,47879,2005-10-27,2015-08-23,HERCULES OFFSHORE INC,HEROQ
164609,P,LC,90900,47440,2005-09-29,2019-11-29,GENOMIC HEALTH INC,GHDX
164633,P,LC,91356,50861,2006-06-23,E,HOME BANCSHARES INC,HOMB
164652,P,LC,90988,48786,2005-11-22,E,BROOKDALE SENIOR LIVING INC,BKD
164665,P,LC,91067,50183,2006-01-19,2010-05-28,CNX GAS CORP,CXG
164680,P,LC,92044,52296,2007-05-29,2018-11-30,KAPSTONE PAPER & PACKAGING,KS
164708,P,LC,90880,47422,2005-10-03,E,AMERIPRISE FINANCIAL INC,AMP
164755,P,LC,91090,50293,2006-02-08,E,CROCS INC,CROX
165051,P,LC,90978,48778,2005-11-17,2024-11-29,SUNPOWER CORP,SPWRQ
165052,P,LC,90979,48779,2005-11-18,E,UNDER ARMOUR INC,UAA
165052,J,LC,15980,48779,2016-04-08,E,UNDER ARMOUR INC,UAA
165123,P,LC,91547,51338,2006-10-13,E,LEIDOS HOLDINGS INC,LDOS
165124,P,LC,91967,52141,2007-04-12,2017-05-31,SYNUTRA INTERNATIONAL INC,SYUT
165244,P,LC,90910,47448,2005-09-29,2012-04-05,TALEO CORP,TLEO
165264,P,LC,90925,47864,2005-10-18,E,FIDELITY NATIONAL FINANCIAL,FNF
165652,P,LC,91073,50192,2006-01-19,2017-06-01,WESTERN REFINING INC,WNR
165675,P,LC,91063,50032,2006-01-03,2019-12-31,VIACOM INC,VIAB
165731,P,LC,91322,50850,2006-06-14,2008-10-31,VERASUN ENERGY CORP,VSUNQ
165746,P,LC,91041,50016,2005-12-22,E,LIVE NATION ENTERTAINMENT,LYV
165798,P,LC,92294,52763,2007-09-28,E,URANIUM ENERGY CORP,UEC
165845,P,LC,91099,50300,2006-02-09,2016-05-31,NTELOS HOLDINGS CORP,NTLS
165855,P,LC,91113,50313,2006-02-03,2012-01-30,HEALTHSPRING INC,HS.2
165914,J,LC,91518,50184,2006-10-13,2009-12-21,CHIPOTLE MEXICAN GRILL INC,CMG
165914,P,LC,91068,50184,2006-01-26,E,CHIPOTLE MEXICAN GRILL INC,CMG
165993,P,LC,89003,41673,2006-02-01,E,FIDELITY NATIONAL INFO SVCS,FIS
166005,P,LC,91603,51439,2006-11-13,2018-11-30,AMTRUST FINANCIAL SERVICES,AFSI
166061,P,LC,91100,50301,2006-02-13,2015-07-20,ROSETTA RESOURCES INC,ROSE.3
166213,P,LC,91095,50297,2006-02-23,E,LIQUIDITY SERVICES INC,LQDT
166366,N,LX,91151,50480,2006-03-24,2014-12-31,TIM HORTONS INC,THI
166366,P,LC,91151,50480,2006-03-24,2014-12-31,TIM HORTONS INC,THI
166451,P,LC,91143,50474,2006-03-08,2013-11-12,NYSE EURONEXT,NYX.1
166482,P,LC,91234,50701,2006-05-26,E,MUELLER WATER PRODUCTS INC,MWA
166554,P,LC,91200,50611,2006-04-06,2008-02-13,GOODMAN GLOBAL INC,GGL.1
166562,P,LC,91237,50706,2006-05-24,2022-07-29,VONAGE HOLDINGS CORP,VG.3
166563,P,LC,91215,50694,2006-05-04,E,DELEK US HOLDINGS INC,DK
166639,P,LC,91350,50856,2006-06-01,2016-05-31,CTC MEDIA INC,CTCM
166705,P,LC,93222,53325,2010-01-22,2016-01-31,SYMETRA FINANCIAL CORP,SYA
170335,P,LC,13377,54063,2012-04-20,2021-09-30,PROOFPOINT INC,PFPT
170520,P,LC,14707,54898,2014-06-06,2022-08-31,RADIUS HEALTH INC,RDUS.1
170527,P,LC,13188,53972,2012-02-06,E,POST HOLDINGS INC,POST
170616,P,LC,13379,54064,2012-04-19,2024-03-28,SPLUNK INC,SPLK
170617,P,LC,13407,54084,2012-05-18,E,META PLATFORMS INC,META
170655,P,LC,16680,55920,2017-04-19,E,QXO INC,QXO
170750,P,LC,13641,54222,2012-10-12,E,DIAMONDBACK ENERGY INC,FANG
170841,P,LC,13356,54048,2012-05-01,E,PHILLIPS 66,PSX
170945,P,LC,13621,54207,2012-10-19,E,PUMA BIOTECHNOLOGY INC,PBYI
170969,P,LC,13456,54116,2012-06-28,2019-01-31,TESARO INC,TSRO
171002,P,LC,13543,54157,2012-08-03,E,GLOBUS MEDICAL INC,GMED
171007,P,LC,13447,54109,2012-06-29,E,SERVICENOW INC,NOW
171049,P,LC,13548,54162,2012-08-08,E,BLOOMIN' BRANDS INC,BLMN
171059,P,LC,13337,54037,2012-04-12,E,FORUM ENERGY TECH INC,FET
171067,P,LC,13511,54139,2012-07-20,E,PALO ALTO NETWORKS INC,PANW
171078,P,LC,15357,55258,2015-05-21,2016-10-31,PRESS GANEY HOLDINGS INC,PGND
171141,P,LC,13527,54146,2012-07-19,E,FIVE BELOW INC,FIVE
174022,P,LC,91388,50961,2006-08-01,2007-04-09,ANYWHERE REAL ESTATE INC,HOUS
174022,P,LC,13622,54208,2012-10-11,2026-01-30,ANYWHERE REAL ESTATE INC,HOUS
174077,P,LC,91463,51198,2006-09-22,E,COMMVAULT SYSTEMS INC,CVLT
174118,P,LC,91371,50874,2006-06-15,2015-02-27,VOLCANO CORP,VOLC
174130,P,LC,91218,50697,2006-05-18,2009-06-30,EMBARQ CORP,EQ.2
174134,P,LC,13967,54436,2013-06-20,E,PTC THERAPEUTICS INC,PTCT
174147,P,LC,91277,41998,2006-05-10,E,QVC GROUP INC,QVCG
174169,P,LC,91283,50735,2020-02-20,E,BATTALION OIL CORP,BATL
174169,P,LC,91283,50735,2016-09-12,2019-07-22,BATTALION OIL CORP,BATL
174169,C,LC,91283,50735,2016-09-01,2016-09-11,BATTALION OIL CORP,BATL
174169,P,LC,91283,50735,2006-05-09,2016-08-31,BATTALION OIL CORP,BATL
174222,P,LC,12914,53843,2011-07-27,2020-12-31,DUNKIN' BRANDS GROUP INC,DNKN
174236,P,LC,93035,53214,2009-09-25,E,SELECT MEDICAL HOLDINGS CORP,SEM
174310,P,LC,91579,51426,2006-11-16,E,KBR INC,KBR
174317,P,LC,91485,51210,2006-09-21,2015-04-24,RIVERBED TECHNOLOGY INC,RVBD
174389,P,LC,91498,51306,2006-10-13,E,EHEALTH INC,EHTH
174490,P,LC,91391,50964,2006-07-18,2020-09-30,WINDSTREAM HOLDINGS INC,WINMQ
174507,P,LC,91971,52144,2007-04-27,2012-01-31,PHARMASSET INC,VRUS.1
174579,P,LC,91892,51985,2007-03-08,2008-11-28,CLEARWIRE CORP-OLD,CLWR.1
174729,P,LC,91392,50965,2006-08-01,E,TRAVEL PLUS LEISURE CO,TNL
174744,P,LC,91413,51094,2006-08-11,E,EVERCORE INC,EVR
174871,P,LC,91362,50866,2006-06-28,2009-10-30,OMNITURE INC,OMTR
174876,P,LC,85208,15564,2006-06-21,2016-02-26,SIRONA DENTAL SYSTEMS INC,SIRO
175007,P,LC,91659,51547,2006-12-08,E,ALLEGIANT TRAVEL CO,ALGT
175008,P,LC,92040,52292,2007-05-31,E,AMICUS THERAPEUTICS INC,FOLD
175079,P,LC,93189,53310,2009-12-02,2021-04-30,CHINA BIOLOGIC PRODUCTS HLDG,CBPO
175111,P,LC,91493,51301,2006-10-13,2013-03-31,ACME PACKET INC,APKT
175263,P,LC,91461,51196,2006-10-02,E,WESTERN UNION CO,WU
175269,P,LC,93263,53346,2017-05-24,E,CELSIUS HOLDINGS INC,CELH
175269,P,LC,93263,53346,2010-02-10,2010-12-31,CELSIUS HOLDINGS INC,CELH
175319,P,LC,91416,51096,2006-09-06,2025-12-31,HANESBRANDS INC,HBI
175376,P,LC,91486,51211,2006-09-29,2019-09-30,SHUTTERFLY INC,SFLY
175399,P,LC,91462,51197,2006-09-29,2010-03-31,BARE ESCENTUALS INC,BARE
175404,P,LC,91611,51447,2006-11-17,E,FIRST SOLAR INC,FSLR
175523,P,LC,91612,51448,2006-11-02,E,GLOBALSTAR INC,GSAT
175533,P,LC,88434,37929,2006-09-13,2023-09-13,INFINITY PHARMACEUTICALS INC,INFIQ
175620,P,LC,91690,51533,2007-01-29,2007-11-04,FREEDOM ACQUISITION HOLDINGS,FRH
175686,P,LC,92773,53076,2008-08-20,E,PRIMORIS SERVICES CORP,PRIM
175689,P,LC,91516,51321,2006-10-18,E,ARMSTRONG WORLD INDUSTRIES,AWI
175739,P,LC,93194,51424,2010-01-05,2013-05-31,SUPERMEDIA INC,SPMD.2
175739,P,LC,91576,51424,2006-11-20,2008-11-20,SUPERMEDIA INC,SPMD.2
175900,P,LC,91683,51568,2006-11-17,E,SALLY BEAUTY HOLDINGS INC,SBH
175903,P,LC,92992,53192,2009-08-12,2011-11-01,EMDEON INC,EM.3
175955,P,LC,91668,51555,2006-12-13,E,IPG PHOTONICS CORP,IPGP
175995,P,LC,93088,53255,2009-10-01,2011-06-02,TALECRIS BIOTHERAPEUTCS HLDG,TLCR
176022,P,LC,91571,51421,2006-11-15,E,EMERGENT BIOSOLUTIONS INC,EBS
176048,P,LC,91583,51430,2006-11-17,2008-08-21,NYMEX HOLDINGS INC,NMX.1
176238,C,LC,91630,51529,2006-12-14,2014-10-29,CAL DIVE INTERNATIONAL INC,CDVIQ
176247,P,LC,91658,51546,2006-12-15,2023-04-28,ALTRA INDUSTRIAL MOTION CORP,AIMC
176279,P,LC,91669,51556,2006-12-15,2010-12-31,ISILON SYSTEMS INC,ISLN
176282,P,LC,91650,51539,2007-01-03,2017-03-31,SPECTRA ENERGY CORP,SE.7
176343,P,LC,92035,52287,2007-05-25,E,CLEAN ENERGY FUELS CORP,CLNE
176362,P,LC,91733,51651,2007-01-23,E,AEROVIRONMENT INC,AVAV
176404,P,LC,91883,51978,2007-03-01,2016-05-17,TIME WARNER CABLE INC,TWC
176556,P,LC,91899,51991,2007-03-09,E,SOURCEFIRE INC,FIRE
176567,P,LC,91907,51998,2007-03-29,E,SUPER MICRO COMPUTER INC,SMCI
176595,P,LC,91750,51788,2007-02-09,2017-12-29,FORTRESS INVESTMENT GRP LLC,FIG.2
176701,P,LC,92043,52295,2007-05-04,E,INTERACTIVE BROKERS GROUP,IBKR
176760,N,LX,91854,51966,2007-03-07,2021-11-30,DOMTAR CORP,UFS
176760,P,LC,91854,51966,2007-03-07,2021-11-30,DOMTAR CORP,UFS
176766,P,LC,91968,52142,2007-04-23,E,TFS FINANCIAL CORP,TFSL
176781,P,LC,91888,51982,2007-03-27,2015-05-29,ARUBA NETWORKS INC,ARUN
176899,P,LC,92421,52847,2007-11-06,2016-01-06,SANDRIDGE ENERGY INC,SD
176928,P,LC,91849,51962,2007-04-02,E,BROADRIDGE FINANCIAL SOLUTNS,BR
177088,P,LC,92108,52388,2007-06-22,E,BLACKSTONE INC,BX
177108,P,LC,91915,52115,2007-04-24,E,CINEMARK HOLDINGS INC,CNK
177224,P,LC,92018,52276,2007-05-23,2012-04-30,RSC HOLDINGS INC,RRR.2
177225,P,LC,92034,52286,2007-05-02,2018-07-31,CAVIUM INC,CAVM
177227,P,LC,92050,52301,2007-05-15,E,INSULET CORP,PODD
177257,P,LC,92095,52376,2007-06-07,2025-03-31,INFINERA CORP,INFN
177286,P,LC,92104,52383,2007-06-06,2009-12-31,STARENT NETWORKS CORP,STAR.2
177287,P,LC,92096,52377,2007-06-01,E,JAZZ PHARMACEUTICALS PLC,JAZZ
177300,P,LC,92195,52541,2007-07-16,2019-02-28,BENEFICIAL BANCORP INC,BNCL
177313,P,LC,12347,53532,2010-10-22,2016-11-30,AEGERION PHARMACEUTICALS INC,AEGR
177376,P,LC,92121,52396,2007-07-02,2025-05-30,DISCOVER FINANCIAL SVCS,DFS
177405,N,LX,91976,52248,2007-05-10,2015-03-09,HYCROFT MINING HOLDING CORP,HYMC
177405,P,LC,91976,52248,2007-05-10,2015-03-09,HYCROFT MINING HOLDING CORP,HYMC
177429,P,LC,92021,52279,2007-05-11,2016-03-03,SOLERA HOLDINGS INC,SLH
177637,P,LC,14328,54665,2013-12-18,E,AMC ENTERTAINMENT HOLDINGS,AMC
177654,P,LC,92182,52528,2007-07-19,2010-11-10,NETEZZA CORP,NZ.1
177740,P,LC,92092,52372,2007-06-27,2009-07-31,DATA DOMAIN INC,DDUP
177744,P,LC,92143,52408,2007-06-28,2025-12-31,PROS HOLDINGS INC,PRO
177780,P,LC,92102,52381,2007-06-27,E,COMSCORE INC,SCOR
177881,P,LC,92220,52669,2007-08-08,E,MASIMO CORP,MASI
177884,P,LC,92239,52684,2007-08-03,2021-01-29,CONCHO RESOURCES INC,CXO
177895,P,LC,92758,53062,2008-07-24,2016-03-31,GT ADVANCED TECHNOLOGIES INC,GTATQ
177925,P,LC,92188,52535,2007-08-01,2020-05-29,WABCO HOLDINGS INC,WBC
177930,P,LC,92296,52766,2007-09-20,2019-02-28,ATHENAHEALTH INC,ATHN.2
177966,P,LC,13284,54006,2012-03-15,E,ALLISON TRANSMISSION HLDGS,ALSN
178015,N,LX,92203,52547,2007-07-30,E,LULULEMON ATHLETICA INC,LULU
178015,P,LC,92203,52547,2007-07-30,E,LULULEMON ATHLETICA INC,LULU
178081,P,LC,92221,52670,2007-08-10,E,MERCADOLIBRE INC,MELI
178083,P,LC,92257,52705,2007-08-14,2023-11-30,VMWARE INC -CL A,VMW
178201,P,LC,93071,53239,2009-10-28,2019-12-31,VITAMIN SHOPPE INC,VSI
178310,P,LC,92293,52762,2007-10-01,E,TERADATA CORP,TDC
178507,P,LC,92402,52840,2007-11-15,E,MSCI INC,MSCI
178519,P,LC,12400,53576,2010-11-18,E,LPL FINANCIAL HOLDINGS INC,LPLA
178608,P,LC,92346,52810,2007-10-18,2012-07-09,PATRIOT COAL CORP,PATAQ
178645,P,LC,92339,52804,2007-11-02,2009-10-01,METAVANTE TECHNOLOGIES INC,MV.2
178672,P,LC,92326,52793,2007-10-23,E,CVR ENERGY INC,CVI
178704,P,LC,92322,52788,2007-10-25,E,ULTA BEAUTY INC,ULTA
178779,P,LC,91690,51533,2007-11-05,2010-10-29,GLG PARTNERS INC,GLG.1
178803,P,LC,92432,52858,2007-11-09,E,ENSIGN GROUP INC,ENSG
178806,P,LC,92400,52839,2007-11-09,2024-08-09,LL FLOORING HOLDINGS INC,LLFLQ
178846,P,LC,92389,52830,2007-11-15,2013-05-31,ENERGYSOLUTIONS INC,ES.2
178855,P,LC,92381,52822,2007-11-14,2010-10-29,ABRAXIS BIOSCIENCE INC,ABII
178866,P,LC,92424,52849,2007-11-16,2010-09-30,3PAR INC,PAR.3
178868,P,LC,92451,52870,2007-11-20,2012-02-29,SUCCESSFACTORS INC,SFSF
178870,P,LC,12906,53837,2011-07-27,2020-01-31,SRC ENERGY INC,SRCI
178899,P,LC,92502,52845,2007-12-03,2009-11-16,PROSPECT ACQUISITION CORP,PAX.3
178976,P,LC,92493,52898,2007-12-13,E,STRIDE INC,LRN
179027,P,LC,92464,52882,2007-12-13,2016-01-29,MEDASSETS INC,MDAS
179065,P,LC,92494,52899,2007-12-19,2010-11-30,LIBERTY ACQUISITION HOLDINGS,LIA
179084,P,LC,92497,52900,2007-12-20,2016-11-30,NETSUITE INC,N
179202,P,LC,92469,52887,2008-01-02,E,ECHOSTAR CORP,ECHO
179249,P,LC,92917,53139,2009-04-09,E,BROADWIND INC,BWEN
179257,P,LC,92579,52939,2008-02-05,2010-01-22,TRIAN ACQUISITION I CORP,TUX
179258,P,LC,92544,52935,2008-01-25,2010-06-01,RISKMETRICS GROUP INC,RISK
179281,P,LC,92546,52937,2008-01-31,2010-01-19,SAPPHIRE INDUSTRIALS CORP,FYR
179378,P,LC,92552,52945,2008-02-14,2010-10-29,ARCSIGHT INC,ARST.1
179380,P,LC,92558,52951,2008-02-14,2013-12-31,MAKO SURGICAL CORP,MAKO.2
179437,P,LC,92614,52985,2008-04-23,E,AMERICAN WATER WORKS CO INC,AWK
179438,P,LC,12392,53570,2010-11-24,2016-06-30,ANACOR PHARMACEUTICALS INC,ANAC.1
179442,P,LC,92596,52958,2008-03-20,2009-09-29,GHL ACQUISITION CORP,IRDM.1
179534,P,LC,92611,52983,2008-03-19,E,VISA INC,V
179562,P,LC,92590,41998,2008-03-31,2009-11-30,LIBERTY MEDIA ENTERTAINMENT,LMDIA
179577,P,LC,92648,53008,2008-05-08,E,ENOVIS CORP,ENOV
179598,P,LC,10258,8186,2008-03-10,E,CELLDEX THERAPEUTICS INC,CLDX
179621,P,LC,92602,52978,2008-03-31,E,PHILIP MORRIS INTERNATIONAL,PM
179657,P,LC,92597,52975,2008-04-01,E,HILLENBRAND INC,HI
179666,P,LC,92984,53185,2009-07-01,2020-08-31,LOGMEIN INC,LOGM
179671,P,LC,13262,53994,2012-02-08,2022-10-31,CHEMOCENTRYX INC,CCXI.2
179690,P,LC,92931,53152,2009-05-20,2016-02-05,SOLARWINDS CORP,SWI
179690,P,LC,18183,56550,2018-10-19,2025-04-30,SOLARWINDS CORP,SWI
179700,P,LC,92618,52990,2008-05-07,2018-07-31,DR PEPPER SNAPPLE GROUP INC,DPS
179731,P,LC,82831,14309,2013-05-02,2019-06-18,INSYS THERAPEUTICS INC,INSYQ
179741,P,LC,11990,53463,2010-07-15,E,KKR & CO INC,KKR
179834,P,LC,14797,54951,2014-07-17,E,CAREDX INC,CDNA
179843,P,LC,92621,52993,2008-04-22,E,INTREPID POTASH INC,IPI
179925,P,LC,92765,53068,2008-08-08,2016-11-03,RACKSPACE HOSTING INC,RAX
180016,P,LC,13343,54041,2012-04-12,2025-11-28,MRC GLOBAL INC,MRC
180029,P,LC,92924,53145,2009-05-14,2017-10-05,DIGITALGLOBE INC,DGI
180057,P,LC,15222,55197,2015-02-26,E,IOVANCE BIOTHERAPEUTICS INC,IOVA
180083,P,LC,92852,53106,2008-11-20,E,GRAND CANYON EDUCATION INC,LOPE
180167,P,LC,92709,53039,2008-07-01,2018-03-29,SCRIPPS NETWORKS INTERACTIVE,SNI.1
180272,P,LC,92697,53037,2008-07-03,2014-01-02,BLACK KNIGHT INC,BKI
180272,P,LC,16917,56055,2017-10-02,2023-09-29,BLACK KNIGHT INC,BKI
180272,P,LC,15339,55251,2015-05-20,2017-10-01,BLACK KNIGHT INC,BKI
180395,P,LC,92772,53075,2008-08-21,2018-08-31,ILG INC,ILG
180402,P,LC,92771,53074,2008-08-21,2017-12-31,HSN INC,HSNI
180405,P,LC,79678,12499,2008-07-10,2023-10-31,ACTIVISION BLIZZARD INC,ATVI
180423,P,LC,92775,53077,2008-08-21,E,LENDINGTREE INC,TREE
180466,P,LC,92729,53050,2008-08-01,E,JBT MAREL CORP,JBTM
180474,P,LC,13305,54014,2012-03-29,E,ZURN ELKAY WATER SOLUTI CORP,ZWS
180483,P,LC,13604,54198,2012-10-04,2025-04-30,BERRY GLOBAL GROUP INC,BERY
180636,P,LC,93037,53217,2009-09-24,2013-07-09,A123 SYSTEMS INC,AONEQ
180652,P,LC,93089,53256,2009-10-07,E,VERISK ANALYTICS INC,VRSK
180711,P,LC,93002,53196,2009-08-06,E,BROADCOM INC,AVGO
180833,P,LC,92890,53121,2009-02-11,2017-06-14,MEAD JOHNSON NUTRITION CO,MJN
181099,P,LC,92801,53090,2008-11-03,2010-05-28,BRINKS HOME SECURITY HLDGS,CFL.2
181104,P,LC,87078,16666,2008-10-13,E,VERADIGM INC,MDRX
181904,P,LC,91892,51985,2008-12-01,2013-07-31,CLEARWIRE CORP,CLWR
181989,P,LC,13253,53989,2012-02-01,2024-08-30,U S SILICA HOLDINGS INC,SLCA
182308,P,LC,92940,53159,2009-06-25,2019-10-31,MEDIDATA SOLUTIONS INC,MDSO
182387,P,LC,92934,53154,2009-05-21,2014-07-23,OPENTABLE INC,OPEN.4
182788,P,LC,85909,32075,2009-04-20,2018-11-06,DITECH HOLDING CORP,DHCPQ
183257,P,LC,92988,53189,2009-09-01,2015-03-31,CAREFUSION CORP,CFN
183352,P,LC,93124,53278,2009-11-05,2012-12-31,ANCESTRY.COM INC,ACOM.3
183366,P,LC,93098,53266,2009-11-05,E,HYATT HOTELS CORP,H
183377,P,LC,93132,53286,2009-11-18,E,FORTINET INC,FTNT
183581,P,LC,93174,53300,2009-12-11,E,OPENLANE INC,OPLN
183602,P,LC,14262,54619,2013-10-25,2023-02-22,SORRENTO THERAPEUTICS INC,SRNE
183603,P,LC,14686,54879,2017-01-11,E,DIGITALBRIDGE GROUP INC,DBRG
183636,P,LC,93369,53403,2017-03-15,2024-11-29,R1 RCM INC,RCM
183636,P,LC,93369,53403,2010-05-20,2014-03-14,R1 RCM INC,RCM
183640,P,LC,92596,52958,2009-10-01,E,IRIDIUM COMMUNICATIONS INC,IRDM
183640,J,LC,92596,52958,2009-09-30,2009-09-30,IRIDIUM COMMUNICATIONS INC,IRDM
183684,P,LC,93185,53307,2009-12-16,2017-02-28,TEAM HEALTH HOLDINGS INC,TMH.1
183736,P,LC,93246,53339,2010-02-11,E,GENERAC HOLDINGS INC,GNRC
183903,P,LC,93272,53353,2010-03-24,E,CALIX INC,CALX
183920,P,LC,93091,53258,2009-12-11,2015-06-22,AOL INC,AOL
183974,P,LC,93356,53399,2010-04-22,E,SPS COMMERCE INC,SPSC
184009,P,LC,93305,53369,2010-03-16,2018-07-18,FINANCIAL ENGINES INC,FNGN
184035,P,LC,12384,53563,2010-11-11,2019-12-31,SEMGROUP CORP,SEMG.1
184040,P,LC,93152,53294,2009-12-16,2018-04-11,COBALT INTL ENERGY INC,CIEIQ
184157,P,LC,93233,53332,2010-02-10,2021-07-30,MSG NETWORKS INC,MSGN
184167,P,LC,93304,53368,2010-03-24,E,FIRST INTERSTATE BANCSYSTEM,FIBK
184254,P,LC,12591,53688,2011-03-30,E,APOLLO GLOBAL MGMT INC,APO
184256,P,LC,93264,53347,2010-02-03,E,IRONWOOD PHARMACEUTICALS INC,IRWD
184323,P,LC,93373,53406,2010-05-13,2024-03-06,EXPRESS INC,EXPRQ
184392,P,LC,11664,53462,2010-07-22,E,GREEN DOT CORP,GDOT
184442,N,LC,93420,53438,2020-11-20,2020-11-30,CHORD ENERGY CORP,CHRD
184442,C,LC,93420,53438,2020-11-01,2020-11-19,CHORD ENERGY CORP,CHRD
184442,P,LC,93420,53438,2010-06-17,2020-10-31,CHORD ENERGY CORP,CHRD
184442,P,LC,20161,53438,2020-11-20,E,CHORD ENERGY CORP,CHRD
184498,P,LC,13299,54012,2012-03-08,2018-07-31,NATIONSTAR MORTGAGE HOLDINGS,NSM
184500,P,LC,93429,53447,2010-06-15,E,CBOE GLOBAL MARKETS INC,CBOE
184551,P,LC,93289,53359,2010-03-24,E,MAXLINEAR INC,MXL
184576,P,LC,11370,53461,2010-07-29,2024-11-29,ENVESTNET INC,ENV
184603,P,LC,12026,53476,2010-07-16,2016-08-31,QLIK TECHNOLOGIES INC,QLIK
184700,P,LC,12449,53610,2010-12-15,E,CORPAY INC,CPAY
184717,P,LC,12307,53510,2010-09-28,2023-08-18,AMYRIS INC,AMRSQ
184748,P,LC,12009,53467,2010-07-06,E,QUAD/GRAPHICS INC,QUAD
184797,P,LC,12089,53497,2010-08-12,2021-04-30,REALPAGE INC,RP
184807,P,LC,12410,53583,2010-11-05,2016-04-29,FRESH MARKET INC,TFM.1
184899,P,LC,93374,53407,2010-06-02,E,FIRST AMERICAN FINANCIAL CP,FAF
184957,P,LC,15914,55512,2016-01-07,E,WORKHORSE GROUP INC,WKHS
184996,P,LC,93436,53453,2010-06-29,E,TESLA INC,TSLA
185112,P,LC,12374,53557,2010-11-11,2021-04-30,INPHI CORP,IPHI
185195,P,LC,12363,53546,2010-10-21,E,VERA BRADLEY INC,VRA
185229,P,LC,10220,53456,2010-08-02,E,BWX TECHNOLOGIES INC,BWXT
185277,P,LC,14961,55048,2014-10-03,2018-05-31,FAIRMOUNT SANTROL HOLDINGS,FMSA
185318,P,LC,12473,53620,2010-12-16,2017-09-10,SWIFT TRANSPORTATION CO,SWFT
185334,P,LC,13818,54346,2013-03-28,2018-10-31,PINNACLE FOODS INC,PF
185363,P,LC,14017,54460,2013-07-19,2016-09-30,DIAMOND RESORTS INTL,DRII
185370,P,LC,12477,53622,2010-12-15,E,WALKER & DUNLOP INC,WD
185419,P,LC,12360,53544,2010-10-27,E,PACIFIC BIOSCIENCES OF CALIF,PACB
185532,P,LC,12476,53621,2010-12-07,E,TARGA RESOURCES CORP,TRGP
185624,P,LC,12796,53776,2025-04-29,E,SPIRIT AVIATION HOLDINGS INC,FLYYQ
185624,P,LC,12796,53776,2011-05-31,2017-12-28,SPIRIT AVIATION HOLDINGS INC,FLYYQ
185645,P,LC,12660,53710,2011-04-01,2020-10-31,GNC HOLDINGS INC,GNCIQ
185646,P,LC,12639,53702,2011-03-17,2021-10-29,CORNERSTONE ONDEMAND INC,CSOD
185703,P,LC,12521,53649,2011-01-26,2021-06-30,LEAF GROUP LTD,LEAF
185797,P,LC,12373,53556,2010-11-10,E,HOWARD HUGHES HOLDINGS INC,HHH
185824,P,LC,12515,53647,2011-01-28,E,BANKUNITED INC,BKU
185836,P,LC,12583,53682,2011-02-03,E,PACIRA BIOSCIENCES INC,PCRX
185881,P,LC,12366,53550,2010-11-17,E,BOOZ ALLEN HAMILTON HLDG CP,BAH
186106,P,LC,12456,53616,2011-01-04,2012-05-31,MOTOROLA MOBILITY HLDGS INC,MMI.3
186159,P,LC,13410,54087,2012-05-01,E,SUPERNUS PHARMACEUTICALS INC,SUPN
186276,P,LC,12788,53769,2011-05-11,E,KOSMOS ENERGY LTD,KOS
186278,P,LC,12641,53705,2011-04-19,E,AIR LEASE CORP,AL
186310,P,LC,12623,53697,2011-03-31,E,HUNTINGTON INGALLS IND INC,HII
186342,P,LC,12742,53751,2011-05-19,2016-12-07,LINKEDIN CORP,LNKD
186392,P,LC,13860,54366,2013-04-30,E,UNITED PARKS & RESORTS INC,PRKS
186428,P,LC,13384,54068,2012-05-03,2017-06-30,EVERBANK FINANCIAL CORP,EVER.3
186520,P,LC,12873,53811,2011-06-15,2019-01-31,PANDORA MEDIA INC,P.4
186683,P,LC,12865,53808,2011-06-10,2014-07-31,FUSION-IO INC,FIO
186714,P,LC,12882,53818,2011-06-29,2015-12-31,HOMEAWAY INC,AWAY.1
186858,P,LC,14329,54666,2013-12-12,E,ARAMARK,ARMK
186904,P,LC,19187,56999,2020-01-24,E,CLEANSPARK INC,CLSK
186955,P,LC,12645,53707,2011-04-15,2019-04-30,ELLIE MAE INC,ELLI
186989,P,LC,12872,53810,2011-06-23,E,MARATHON PETROLEUM CORP,MPC
187039,P,LC,15546,53853,2018-01-01,E,ZILLOW GROUP INC,Z
187039,J,LC,15546,53853,2015-08-17,2017-12-31,ZILLOW GROUP INC,Z
187039,J,LC,12927,53853,2018-01-01,E,ZILLOW GROUP INC,Z
187039,P,LC,12927,53853,2011-07-20,2017-12-31,ZILLOW GROUP INC,Z
187084,P,LC,15327,55244,2015-04-16,2023-10-13,PARTY CITY HOLDCO INC,PRTYQ
187105,P,LC,13400,54079,2012-05-10,2019-08-30,WAGEWORKS INC,WAGE
187128,P,LC,13141,53947,2012-01-03,2021-01-29,WPX ENERGY INC,WPX
187252,P,LC,14851,54983,2014-08-01,2018-12-31,FCB FINANCIAL HOLDINGS INC,FCB
187363,P,LC,13108,53932,2011-11-04,E,GROUPON INC,GRPN
187406,P,LC,12880,53816,2011-06-16,E,AMC GLOBAL MEDIA INC,AMCX
187450,P,LC,13323,54026,2012-03-30,E,ENPHASE ENERGY INC,ENPH
187462,P,LC,13046,53901,2011-10-14,E,UBIQUITI INC,UI
187576,P,LC,13169,53965,2011-12-16,2022-05-31,ZYNGA INC,ZNGA
187687,P,LC,13292,54008,2012-03-15,2016-07-29,DEMANDWARE INC,DWRE
187696,P,LC,13249,53988,2012-02-24,E,PROTO LABS INC,PRLB
187697,P,LC,13210,53983,2012-02-08,E,EPAM SYSTEMS INC,EPAM
187698,P,LC,13116,53938,2011-12-15,E,CIVITAS RESOURCES INC,CIVI
187740,P,LC,13326,54029,2012-03-15,E,MACOM TECHNLGY SOL HLDGS INC,MTSI
187812,P,LC,13244,53987,2012-02-02,E,MATADOR RESOURCES CO,MTDR
187961,P,LC,13124,53941,2011-12-15,2025-12-31,VITAL ENGY INC,VTLE
188255,P,LC,12981,53876,2011-10-04,E,FORTUNE BRANDS INNOVATNS INC,FBIN
189490,C,LC,13018,53890,2011-11-01,2015-05-28,EXELIS INC,XLS
189491,P,LC,13035,53896,2011-11-01,E,XYLEM INC,XYL
189579,P,LC,18735,56774,2019-06-20,E,GROCERY OUTLET HLDNG CORP,GO
189594,P,LC,17201,56115,2020-01-21,2023-03-31,VIVINT SMART HOME INC,VVNT
190455,P,LC,13181,53970,2012-01-25,E,GUIDEWIRE SOFTWARE INC,GWRE
191055,P,LC,82668,6999,2011-10-24,2012-11-23,WESTWOOD ONE INC,DIAL.1
191255,P,LC,13085,53923,2011-11-22,E,MARRIOTT VACATIONS WORLDWIDE,VAC
192255,P,LC,13105,53929,2011-11-01,E,ACADIA HEALTHCARE CO INC,ACHC
192856,P,LC,85511,15744,2011-11-04,2015-06-30,SYNAGEVA BIOPHARMA CORP,GEVA
194956,P,LC,13314,54016,2012-03-22,2019-07-31,WORLDPAY INC,WP
196055,P,LC,13107,53931,2011-11-16,2023-07-31,CLOVIS ONCOLOGY INC,CLVSQ
196159,P,LC,13730,54291,2012-12-13,E,PBF ENERGY INC,PBF
196268,P,LC,13318,54020,2012-03-02,E,YELP INC,YELP
196855,P,LC,13294,54009,2012-03-22,2013-07-31,EXACTTARGET INC,ET.4
197559,P,LC,14244,54604,2013-10-25,2021-02-26,ENDURANCE INTL GRP HLDGS INC,EIGI
199356,P,LC,13168,53964,2011-12-21,E,TRIPADVISOR INC,TRIP
258869,P,LC,13748,54303,2014-07-31,E,TRI POINTE HOMES INC,TPH
260774,P,LC,90199,45270,2004-06-10,E,CBRE GROUP INC,CBRE
260778,P,LC,90272,45394,2004-07-07,2020-01-31,WELLCARE HEALTH PLANS INC,WCG
260893,P,LC,90276,45417,2004-07-22,E,BLACKBAUD INC,BLKB
264193,P,LC,16648,55898,2017-04-06,E,SCHNEIDER NATIONAL INC,SNDR
264265,P,LC,90178,45191,2004-05-28,E,ALNYLAM PHARMACEUTICALS INC,ALNY
264270,P,LC,90243,45314,2004-06-04,2012-02-29,INHIBITEX INC,INHX
264385,P,LC,90188,45197,2004-05-13,2023-09-29,NUVASIVE INC,NUVA
264386,P,LC,90220,45294,2004-06-18,2011-10-04,BLACKBOARD INC,BBBB
264395,P,LC,90164,45176,2004-05-06,2023-12-29,GREENHILL & CO INC,GHL
264414,P,LC,90233,45305,2004-06-22,2020-10-30,MOMENTA PHARMACEUTICALS INC,MNTA
264708,P,LC,90200,45272,2004-06-25,2017-09-25,CABELAS INC,CAB
266214,P,LC,90303,45467,2004-08-13,E,COHEN & STEERS INC,CNS
271357,P,LC,19849,55216,2020-09-21,E,SUMMIT THERAPEUTICS INC,SMMT
274165,P,LC,92983,53184,2009-07-30,2015-12-23,GLOBE SPECIALTY METALS INC,GSM.3
315318,P,LC,14406,54703,2014-01-23,E,ELEMENT SOLUTIONS INC,ESI
325576,P,LC,19317,57057,2020-04-29,E,API GROUP CORP,APG
328795,P,LC,18144,56541,2018-11-01,E,ARCOSA INC,ACA
332179,P,LC,25228,59911,2024-06-06,E,LIFE360 INC,LIF
333070,P,LC,24100,59625,2023-08-17,E,SEZZLE INC,SEZL
339965,P,LC,19654,57255,2020-09-16,E,SNOWFLAKE INC,SNOW
345980,P,LC,20333,57666,2020-12-16,2025-06-03,CONTEXTLOGIC HOLDINGS INC,LOGC
347007,P,LC,15533,55364,2021-03-10,E,IMMUNITYBIO INC,IBRX
